run_datetime,task,ticker,market,severity,status,source,message
2026-06-27T19:32:25.558306+09:00,D03_buy_alert,NBIS,US,INFO,高値圏/基準再点検候補,buy_zone_master/yfinance,本命価格の4.62倍。価格異常とは断定せず、高値圏/基準再点検候補として扱う。
2026-06-27T19:32:25.558327+09:00,D03_buy_alert,PL,US,INFO,高値圏/基準再点検候補,buy_zone_master/yfinance,本命価格の7.73倍。価格異常とは断定せず、高値圏/基準再点検候補として扱う。
2026-06-27T19:32:25.558334+09:00,D03_buy_alert,AXTI,US,WARN,価格スケール要確認,buy_zone_master/yfinance,価格スケール要確認（現在値/本命=35.08倍）
2026-06-27T19:32:25.558340+09:00,D03_buy_alert,COHR,US,INFO,高値圏/基準再点検候補,buy_zone_master/yfinance,本命価格の6.34倍。価格異常とは断定せず、高値圏/基準再点検候補として扱う。
2026-06-27T19:32:25.558345+09:00,D03_buy_alert,OPTX,US,WARN,価格スケール要確認,buy_zone_master/yfinance,価格スケール要確認（現在値/本命=13.20倍）
2026-06-27T19:32:25.558350+09:00,D03_buy_alert,5401.T,JP,WARN,価格スケール要確認,buy_zone_master/yfinance,価格スケール要確認（現在値/本命=0.20倍）
2026-06-27T21:01:56.245375+09:00,D03_buy_alert,EWY,US,INFO,価格スケール確認待ち,buy_zone_master,EWYはETF価格として取得値が従来想定より大きく、価格スケール/調整後価格の確認が必要。
2026-06-27T21:01:56.245394+09:00,D03_buy_alert,PL,US,INFO,価格スケール確認待ち,buy_zone_master,PLは旧基準からの大幅上方修正が現在値追随になり得るため、価格スケールと基準再認定まで通常判定停止。
2026-06-27T21:01:56.245402+09:00,D03_buy_alert,MSTR,US,INFO,条件確認待ち,buy_zone_master,MSTRはBTC連動・mNAV・希薄化・転換社債の影響が大きく、株価だけで買い場判定してはいけない。
2026-06-27T21:01:56.245408+09:00,D03_buy_alert,AXTI,US,INFO,価格スケール確認待ち,buy_zone_master,AXTIは取得価格と旧基準の乖離が極端。株式分割・逆分割・取得ソースの正当性確認まで通常判定停止。
2026-06-27T21:01:56.245413+09:00,D03_buy_alert,COHR,US,INFO,価格スケール確認待ち,buy_zone_master,COHRは取得価格と旧基準の乖離が大きく、CPOテーマ過熱と価格スケール確認が必要。通常判定停止。
2026-06-27T21:01:56.245418+09:00,D03_buy_alert,OPTX,US,INFO,価格スケール確認待ち,buy_zone_master,OPTXは超小型かつ取得価格と旧基準の乖離が極端。価格スケール確認まで通常判定停止。
2026-06-27T21:16:47.350827+09:00,D03_buy_alert,EWY,US,INFO,価格スケール確認待ち,buy_zone_master,EWYはETF価格として取得値が従来想定より大きく、価格スケール/調整後価格の確認が必要。
2026-06-27T21:16:47.350858+09:00,D03_buy_alert,PL,US,INFO,価格スケール確認待ち,buy_zone_master,PLは旧基準からの大幅上方修正が現在値追随になり得るため、価格スケールと基準再認定まで通常判定停止。
2026-06-27T21:16:47.350864+09:00,D03_buy_alert,MSTR,US,INFO,条件確認待ち,buy_zone_master,MSTRはBTC連動・mNAV・希薄化・転換社債の影響が大きく、株価だけで買い場判定してはいけない。
2026-06-27T21:16:47.350869+09:00,D03_buy_alert,AXTI,US,INFO,価格スケール確認待ち,buy_zone_master,AXTIは取得価格と旧基準の乖離が極端。株式分割・逆分割・取得ソースの正当性確認まで通常判定停止。
2026-06-27T21:16:47.350873+09:00,D03_buy_alert,COHR,US,INFO,価格スケール確認待ち,buy_zone_master,COHRは取得価格と旧基準の乖離が大きく、CPOテーマ過熱と価格スケール確認が必要。通常判定停止。
2026-06-27T21:16:47.350877+09:00,D03_buy_alert,OPTX,US,INFO,価格スケール確認待ち,buy_zone_master,OPTXは超小型かつ取得価格と旧基準の乖離が極端。価格スケール確認まで通常判定停止。
2026-06-27T22:28:43.579154+09:00,W04_ratings,AVAV,US,INFO,ratings_update,TradingView,tv_ok: freshness=fresh; stale_days=0; 
2026-06-27T22:28:43.579174+09:00,W04_ratings,AXON,US,INFO,ratings_update,TradingView,tv_ok: freshness=fresh; stale_days=0; 
2026-06-27T22:28:43.579181+09:00,W04_ratings,AUR,US,INFO,ratings_update,TradingView,tv_ok: freshness=fresh; stale_days=0; 
2026-06-27T22:28:43.579186+09:00,W04_ratings,TMDX,US,INFO,ratings_update,TradingView,tv_ok: freshness=fresh; stale_days=0; 
2026-06-27T22:28:43.579191+09:00,W04_ratings,NOW,US,INFO,ratings_update,TradingView,tv_ok: freshness=fresh; stale_days=0; 
2026-06-27T22:28:43.579195+09:00,W04_ratings,RDW,US,INFO,ratings_update,TradingView,tv_ok: freshness=fresh; stale_days=0; 
2026-06-27T22:28:43.579199+09:00,W04_ratings,TRMB,US,INFO,ratings_update,TradingView,tv_ok: freshness=fresh; stale_days=0; 
2026-06-27T22:28:43.579206+09:00,W04_ratings,VEEV,US,INFO,ratings_update,TradingView,tv_ok: freshness=fresh; stale_days=0; 
2026-06-27T22:28:43.579212+09:00,W04_ratings,PYPL,US,INFO,ratings_update,TradingView,tv_ok: freshness=fresh; stale_days=0; 
2026-06-27T22:28:43.579217+09:00,W04_ratings,TEM,US,INFO,ratings_update,TradingView,tv_ok: freshness=fresh; stale_days=0; 
2026-06-27T22:28:43.579222+09:00,W04_ratings,FICO,US,INFO,ratings_update,TradingView,tv_ok: freshness=fresh; stale_days=0; 
2026-06-27T22:28:43.579226+09:00,W04_ratings,AAOI,US,INFO,ratings_update,TradingView,tv_ok: freshness=fresh; stale_days=0; 
2026-06-27T22:28:43.579230+09:00,W04_ratings,OUST,US,INFO,ratings_update,TradingView,tv_ok: freshness=fresh; stale_days=0; 
2026-06-27T22:28:43.579234+09:00,W04_ratings,APH,US,INFO,ratings_update,TradingView,tv_ok: freshness=fresh; stale_days=0; 
2026-06-27T22:28:43.579238+09:00,W04_ratings,ASPI,US,INFO,ratings_update,TradingView,tv_ok: freshness=fresh; stale_days=0; 
2026-06-27T22:28:43.579242+09:00,W04_ratings,NBIS,US,INFO,ratings_update,TradingView,tv_ok: freshness=fresh; stale_days=0; 
2026-06-27T22:28:43.579247+09:00,W04_ratings,EWY,US,INFO,ratings_update,N/A,not_applicable_etf: freshness=not_applicable; stale_days=None; ETFはアナリスト目標株価対象外
2026-06-27T22:28:43.579253+09:00,W04_ratings,ISRG,US,INFO,ratings_update,TradingView,tv_ok: freshness=fresh; stale_days=0; 
2026-06-27T22:28:43.579258+09:00,W04_ratings,SPGI,US,INFO,ratings_update,TradingView,tv_ok: freshness=fresh; stale_days=0; 
2026-06-27T22:28:43.579262+09:00,W04_ratings,MELI,US,INFO,ratings_update,TradingView,tv_ok: freshness=fresh; stale_days=0; 
2026-06-27T22:28:43.579267+09:00,W04_ratings,TMO,US,INFO,ratings_update,TradingView,tv_ok: freshness=fresh; stale_days=0; 
2026-06-27T22:28:43.579271+09:00,W04_ratings,META,US,INFO,ratings_update,TradingView,tv_ok: freshness=fresh; stale_days=0; 
2026-06-27T22:28:43.579276+09:00,W04_ratings,IONQ,US,INFO,ratings_update,TradingView,tv_ok: freshness=fresh; stale_days=0; 
2026-06-27T22:28:43.579280+09:00,W04_ratings,RGTI,US,INFO,ratings_update,TradingView,tv_ok: freshness=fresh; stale_days=0; 
2026-06-27T22:28:43.579284+09:00,W04_ratings,SDGR,US,INFO,ratings_update,TradingView,tv_ok: freshness=fresh; stale_days=0; 
2026-06-27T22:28:43.579288+09:00,W04_ratings,RXRX,US,INFO,ratings_update,TradingView,tv_ok: freshness=fresh; stale_days=0; 
2026-06-27T22:28:43.579293+09:00,W04_ratings,QCOM,US,INFO,ratings_update,TradingView,tv_ok: freshness=fresh; stale_days=0; 
2026-06-27T22:28:43.579297+09:00,W04_ratings,HSAI,US,INFO,ratings_update,TradingView,tv_ok: freshness=fresh; stale_days=0; 
2026-06-27T22:28:43.579302+09:00,W04_ratings,PL,US,INFO,ratings_update,TradingView,tv_ok: freshness=fresh; stale_days=0; 
2026-06-27T22:28:43.579306+09:00,W04_ratings,V,US,INFO,ratings_update,TradingView,tv_ok: freshness=fresh; stale_days=0; 
2026-06-27T22:28:43.579311+09:00,W04_ratings,VRTX,US,INFO,ratings_update,TradingView,tv_ok: freshness=fresh; stale_days=0; 
2026-06-27T22:28:43.579315+09:00,W04_ratings,DIS,US,INFO,ratings_update,TradingView,tv_ok: freshness=fresh; stale_days=0; 
2026-06-27T22:28:43.579319+09:00,W04_ratings,KVYO,US,INFO,ratings_update,TradingView,tv_ok: freshness=fresh; stale_days=0; 
2026-06-27T22:28:43.579324+09:00,W04_ratings,DKNG,US,INFO,ratings_update,TradingView,tv_ok: freshness=fresh; stale_days=0; 
2026-06-27T22:28:43.579328+09:00,W04_ratings,CRSP,US,INFO,ratings_update,TradingView,tv_ok: freshness=fresh; stale_days=0; 
2026-06-27T22:28:43.579332+09:00,W04_ratings,BEAM,US,INFO,ratings_update,TradingView,tv_ok: freshness=fresh; stale_days=0; 
2026-06-27T22:28:43.579337+09:00,W04_ratings,ETN,US,INFO,ratings_update,TradingView,tv_ok: freshness=fresh; stale_days=0; 
2026-06-27T22:28:43.579341+09:00,W04_ratings,MSTR,US,INFO,ratings_update,TradingView,tv_ok: freshness=fresh; stale_days=0; 
2026-06-27T22:28:43.579345+09:00,W04_ratings,POET,US,INFO,ratings_update,TradingView,tv_ok: freshness=fresh; stale_days=0; 
2026-06-27T22:28:43.579349+09:00,W04_ratings,KITT,US,INFO,ratings_update,TradingView,tv_ok: freshness=fresh; stale_days=0; 
2026-06-27T22:28:43.579353+09:00,W04_ratings,AXTI,US,INFO,ratings_update,TradingView,tv_ok: freshness=fresh; stale_days=0; 
2026-06-27T22:28:43.579358+09:00,W04_ratings,COHR,US,INFO,ratings_update,TradingView,tv_ok: freshness=fresh; stale_days=0; 
2026-06-27T22:28:43.579362+09:00,W04_ratings,ANET,US,INFO,ratings_update,TradingView,tv_ok: freshness=fresh; stale_days=0; 
2026-06-27T22:28:43.579366+09:00,W04_ratings,DDOG,US,INFO,ratings_update,TradingView,tv_ok: freshness=fresh; stale_days=0; 
2026-06-27T22:28:43.579370+09:00,W04_ratings,SNOW,US,INFO,ratings_update,TradingView,tv_ok: freshness=fresh; stale_days=0; 
2026-06-27T22:28:43.579374+09:00,W04_ratings,OPTX,US,INFO,ratings_update,TradingView,tv_ok: freshness=fresh; stale_days=0; 
2026-06-27T22:28:43.579378+09:00,W04_ratings,AEM,US,INFO,ratings_update,TradingView,tv_ok: freshness=fresh; stale_days=0; 
2026-06-27T22:28:43.579382+09:00,W04_ratings,ZETA,US,INFO,ratings_update,TradingView,tv_ok: freshness=fresh; stale_days=0; 
2026-06-27T22:28:43.579386+09:00,W04_ratings,7974.T,JP,INFO,ratings_update,N/A,not_applicable_non_us: freshness=not_applicable; stale_days=None; 米国株以外はW04対象外
2026-06-27T22:28:43.579392+09:00,W04_ratings,6383.T,JP,INFO,ratings_update,N/A,not_applicable_non_us: freshness=not_applicable; stale_days=None; 米国株以外はW04対象外
2026-06-27T22:28:43.579397+09:00,W04_ratings,5401.T,JP,INFO,ratings_update,N/A,not_applicable_non_us: freshness=not_applicable; stale_days=None; 米国株以外はW04対象外
2026-06-27T22:28:43.579402+09:00,W04_ratings,4901.T,JP,INFO,ratings_update,N/A,not_applicable_non_us: freshness=not_applicable; stale_days=None; 米国株以外はW04対象外
2026-06-27T22:28:43.579407+09:00,W04_ratings,3407.T,JP,INFO,ratings_update,N/A,not_applicable_non_us: freshness=not_applicable; stale_days=None; 米国株以外はW04対象外
2026-06-27T22:28:43.579412+09:00,W04_ratings,3402.T,JP,INFO,ratings_update,N/A,not_applicable_non_us: freshness=not_applicable; stale_days=None; 米国株以外はW04対象外
2026-06-27T22:28:43.579416+09:00,W04_ratings,3405.T,JP,INFO,ratings_update,N/A,not_applicable_non_us: freshness=not_applicable; stale_days=None; 米国株以外はW04対象外
2026-06-27T22:28:43.579421+09:00,W04_ratings,2871.T,JP,INFO,ratings_update,N/A,not_applicable_non_us: freshness=not_applicable; stale_days=None; 米国株以外はW04対象外
2026-06-27T22:28:43.579426+09:00,W04_ratings,8601.T,JP,INFO,ratings_update,N/A,not_applicable_non_us: freshness=not_applicable; stale_days=None; 米国株以外はW04対象外
2026-06-27T22:28:43.579430+09:00,W04_ratings,8410.T,JP,INFO,ratings_update,N/A,not_applicable_non_us: freshness=not_applicable; stale_days=None; 米国株以外はW04対象外
2026-06-27T22:28:43.579435+09:00,W04_ratings,6902.T,JP,INFO,ratings_update,N/A,not_applicable_non_us: freshness=not_applicable; stale_days=None; 米国株以外はW04対象外
2026-06-27T22:28:43.579440+09:00,W04_ratings,6758.T,JP,INFO,ratings_update,N/A,not_applicable_non_us: freshness=not_applicable; stale_days=None; 米国株以外はW04対象外
2026-06-27T22:28:43.579444+09:00,W04_ratings,5020.T,JP,INFO,ratings_update,N/A,not_applicable_non_us: freshness=not_applicable; stale_days=None; 米国株以外はW04対象外
2026-06-27T22:28:43.579473+09:00,W04_ratings,4063.T,JP,INFO,ratings_update,N/A,not_applicable_non_us: freshness=not_applicable; stale_days=None; 米国株以外はW04対象外
2026-06-27T22:28:43.579495+09:00,W04_ratings,4042.T,JP,INFO,ratings_update,N/A,not_applicable_non_us: freshness=not_applicable; stale_days=None; 米国株以外はW04対象外
2026-06-27T22:28:43.579500+09:00,W04_ratings,1911.T,JP,INFO,ratings_update,N/A,not_applicable_non_us: freshness=not_applicable; stale_days=None; 米国株以外はW04対象外
2026-06-27T22:28:43.579505+09:00,W04_ratings,1928.T,JP,INFO,ratings_update,N/A,not_applicable_non_us: freshness=not_applicable; stale_days=None; 米国株以外はW04対象外
2026-06-27T22:28:43.579509+09:00,W04_ratings,6326.T,JP,INFO,ratings_update,N/A,not_applicable_non_us: freshness=not_applicable; stale_days=None; 米国株以外はW04対象外
2026-06-27T22:28:43.579514+09:00,W04_ratings,7267.T,JP,INFO,ratings_update,N/A,not_applicable_non_us: freshness=not_applicable; stale_days=None; 米国株以外はW04対象外
2026-06-27T22:28:43.579519+09:00,W04_ratings,6501.T,JP,INFO,ratings_update,N/A,not_applicable_non_us: freshness=not_applicable; stale_days=None; 米国株以外はW04対象外
2026-06-27T22:28:43.579524+09:00,W04_ratings,9861.T,JP,INFO,ratings_update,N/A,not_applicable_non_us: freshness=not_applicable; stale_days=None; 米国株以外はW04対象外
2026-06-27T22:28:43.579529+09:00,W04_ratings,7821.T,JP,INFO,ratings_update,N/A,not_applicable_non_us: freshness=not_applicable; stale_days=None; 米国株以外はW04対象外
2026-06-27T22:28:43.579533+09:00,W04_ratings,1377.T,JP,INFO,ratings_update,N/A,not_applicable_non_us: freshness=not_applicable; stale_days=None; 米国株以外はW04対象外
2026-06-27T22:28:43.579538+09:00,W04_ratings,6287.T,JP,INFO,ratings_update,N/A,not_applicable_non_us: freshness=not_applicable; stale_days=None; 米国株以外はW04対象外
2026-06-27T22:28:43.579543+09:00,W04_ratings,4368.T,JP,INFO,ratings_update,N/A,not_applicable_non_us: freshness=not_applicable; stale_days=None; 米国株以外はW04対象外
2026-06-27T22:28:43.579547+09:00,W04_ratings,9432.T,JP,INFO,ratings_update,N/A,not_applicable_non_us: freshness=not_applicable; stale_days=None; 米国株以外はW04対象外
2026-06-27T22:28:43.579552+09:00,W04_ratings,W04,US,WARN,coverage_low,ratings_master,US stock rating coverage 0.0%
2026-06-27T22:29:59.070326+09:00,D03_buy_alert,EWY,US,INFO,価格スケール確認待ち,buy_zone_master,basis status
2026-06-27T22:29:59.070347+09:00,D03_buy_alert,PL,US,INFO,価格スケール確認待ち,buy_zone_master,basis status
2026-06-27T22:29:59.070353+09:00,D03_buy_alert,MSTR,US,INFO,条件確認待ち,buy_zone_master,basis status
2026-06-27T22:29:59.070358+09:00,D03_buy_alert,AXTI,US,INFO,価格スケール確認待ち,buy_zone_master,basis status
2026-06-27T22:29:59.070363+09:00,D03_buy_alert,COHR,US,INFO,価格スケール確認待ち,buy_zone_master,basis status
2026-06-27T22:29:59.070367+09:00,D03_buy_alert,OPTX,US,INFO,価格スケール確認待ち,buy_zone_master,basis status
2026-06-27T22:35:38.505495+09:00,D03_buy_alert,EWY,US,INFO,価格スケール確認待ち,buy_zone_master,basis status
2026-06-27T22:35:38.505525+09:00,D03_buy_alert,PL,US,INFO,価格スケール確認待ち,buy_zone_master,basis status
2026-06-27T22:35:38.505532+09:00,D03_buy_alert,MSTR,US,INFO,条件確認待ち,buy_zone_master,basis status
2026-06-27T22:35:38.505537+09:00,D03_buy_alert,AXTI,US,INFO,価格スケール確認待ち,buy_zone_master,basis status
2026-06-27T22:35:38.505541+09:00,D03_buy_alert,COHR,US,INFO,価格スケール確認待ち,buy_zone_master,basis status
2026-06-27T22:35:38.505546+09:00,D03_buy_alert,OPTX,US,INFO,価格スケール確認待ち,buy_zone_master,basis status
2026-06-27T23:16:32.019091+09:00,W04_tv_ratings,AVAV,US,INFO,tv_ratings,TV_FULL,mode=full; status=forecast_page_ok; stale_days=0; 
2026-06-27T23:16:32.019111+09:00,W04_tv_ratings,AXON,US,INFO,tv_ratings,TV_FULL,mode=full; status=forecast_page_ok; stale_days=0; 
2026-06-27T23:16:32.019118+09:00,W04_tv_ratings,AUR,US,INFO,tv_ratings,TV_FULL,mode=full; status=forecast_page_ok; stale_days=0; 
2026-06-27T23:16:32.019123+09:00,W04_tv_ratings,TMDX,US,INFO,tv_ratings,TV_FULL,mode=full; status=forecast_page_ok; stale_days=0; 
2026-06-27T23:16:32.019128+09:00,W04_tv_ratings,NOW,US,INFO,tv_ratings,TV_FULL,mode=full; status=forecast_page_ok; stale_days=0; 
2026-06-27T23:16:32.019133+09:00,W04_tv_ratings,RDW,US,INFO,tv_ratings,TV_FULL,mode=full; status=forecast_page_ok; stale_days=0; 
2026-06-27T23:16:32.019138+09:00,W04_tv_ratings,TRMB,US,INFO,tv_ratings,TV_FULL,mode=full; status=forecast_page_ok; stale_days=0; 
2026-06-27T23:16:32.019145+09:00,W04_tv_ratings,VEEV,US,INFO,tv_ratings,TV_FULL,mode=full; status=forecast_page_ok; stale_days=0; 
2026-06-27T23:16:32.019152+09:00,W04_tv_ratings,PYPL,US,INFO,tv_ratings,TV_FULL,mode=full; status=forecast_page_ok; stale_days=0; 
2026-06-27T23:16:32.019157+09:00,W04_tv_ratings,TEM,US,INFO,tv_ratings,TV_FULL,mode=full; status=forecast_page_ok; stale_days=0; 
2026-06-27T23:16:32.019161+09:00,W04_tv_ratings,FICO,US,INFO,tv_ratings,TV_FULL,mode=full; status=forecast_page_ok; stale_days=0; 
2026-06-27T23:16:32.019166+09:00,W04_tv_ratings,AAOI,US,INFO,tv_ratings,TV_FULL,mode=full; status=forecast_page_ok; stale_days=0; 
2026-06-27T23:16:32.019171+09:00,W04_tv_ratings,OUST,US,INFO,tv_ratings,TV_FULL,mode=full; status=forecast_page_ok; stale_days=0; 
2026-06-27T23:16:32.019176+09:00,W04_tv_ratings,APH,US,INFO,tv_ratings,TV_FULL,mode=full; status=forecast_page_ok; stale_days=0; 
2026-06-27T23:16:32.019184+09:00,W04_tv_ratings,ASPI,US,INFO,tv_ratings,TV_FULL,mode=full; status=forecast_page_ok; stale_days=0; 
2026-06-27T23:16:32.019189+09:00,W04_tv_ratings,NBIS,US,INFO,tv_ratings,TV_FULL,mode=full; status=forecast_page_ok; stale_days=0; 
2026-06-27T23:16:32.019194+09:00,W04_tv_ratings,ISRG,US,INFO,tv_ratings,TV_FULL,mode=full; status=forecast_page_ok; stale_days=0; 
2026-06-27T23:16:32.019199+09:00,W04_tv_ratings,SPGI,US,INFO,tv_ratings,TV_FULL,mode=full; status=forecast_page_ok; stale_days=0; 
2026-06-27T23:16:32.019203+09:00,W04_tv_ratings,MELI,US,INFO,tv_ratings,TV_FULL,mode=full; status=forecast_page_ok; stale_days=0; 
2026-06-27T23:16:32.019208+09:00,W04_tv_ratings,TMO,US,INFO,tv_ratings,TV_FULL,mode=full; status=forecast_page_ok; stale_days=0; 
2026-06-27T23:16:32.019213+09:00,W04_tv_ratings,META,US,INFO,tv_ratings,TV_FULL,mode=full; status=forecast_page_ok; stale_days=0; 
2026-06-27T23:16:32.019217+09:00,W04_tv_ratings,IONQ,US,INFO,tv_ratings,TV_FULL,mode=full; status=forecast_page_ok; stale_days=0; 
2026-06-27T23:16:32.019222+09:00,W04_tv_ratings,RGTI,US,INFO,tv_ratings,TV_FULL,mode=full; status=forecast_page_ok; stale_days=0; 
2026-06-27T23:16:32.019227+09:00,W04_tv_ratings,SDGR,US,INFO,tv_ratings,TV_FULL,mode=full; status=forecast_page_ok; stale_days=0; 
2026-06-27T23:16:32.019231+09:00,W04_tv_ratings,RXRX,US,INFO,tv_ratings,TV_FULL,mode=full; status=forecast_page_ok; stale_days=0; 
2026-06-27T23:16:32.019237+09:00,W04_tv_ratings,QCOM,US,INFO,tv_ratings,TV_FULL,mode=full; status=forecast_page_ok; stale_days=0; 
2026-06-27T23:16:32.019242+09:00,W04_tv_ratings,HSAI,US,INFO,tv_ratings,TV_FULL,mode=full; status=forecast_page_ok; stale_days=0; 
2026-06-27T23:16:32.019246+09:00,W04_tv_ratings,PL,US,INFO,tv_ratings,TV_FULL,mode=full; status=forecast_page_ok; stale_days=0; 
2026-06-27T23:16:32.019251+09:00,W04_tv_ratings,V,US,INFO,tv_ratings,TV_FULL,mode=full; status=forecast_page_ok; stale_days=0; 
2026-06-27T23:16:32.019255+09:00,W04_tv_ratings,VRTX,US,INFO,tv_ratings,TV_FULL,mode=full; status=forecast_page_ok; stale_days=0; 
2026-06-27T23:16:32.019260+09:00,W04_tv_ratings,DIS,US,INFO,tv_ratings,TV_FULL,mode=full; status=forecast_page_ok; stale_days=0; 
2026-06-27T23:16:32.019264+09:00,W04_tv_ratings,KVYO,US,INFO,tv_ratings,TV_FULL,mode=full; status=forecast_page_ok; stale_days=0; 
2026-06-27T23:16:32.019269+09:00,W04_tv_ratings,DKNG,US,INFO,tv_ratings,TV_FULL,mode=full; status=forecast_page_ok; stale_days=0; 
2026-06-27T23:16:32.019274+09:00,W04_tv_ratings,CRSP,US,INFO,tv_ratings,TV_FULL,mode=full; status=forecast_page_ok; stale_days=0; 
2026-06-27T23:16:32.019278+09:00,W04_tv_ratings,BEAM,US,INFO,tv_ratings,TV_FULL,mode=full; status=forecast_page_ok; stale_days=0; 
2026-06-27T23:16:32.019283+09:00,W04_tv_ratings,ETN,US,INFO,tv_ratings,TV_FULL,mode=full; status=forecast_page_ok; stale_days=0; 
2026-06-27T23:16:32.019287+09:00,W04_tv_ratings,MSTR,US,INFO,tv_ratings,TV_FULL,mode=full; status=forecast_page_ok; stale_days=0; 
2026-06-27T23:16:32.019292+09:00,W04_tv_ratings,POET,US,INFO,tv_ratings,TV_FULL,mode=full; status=forecast_page_ok; stale_days=0; 
2026-06-27T23:16:32.019299+09:00,W04_tv_ratings,KITT,US,WARN,tv_ratings,TV_PARTIAL,mode=full; status=kept_previous_tv_partial; stale_days=0; 今回未取得のため前回TV_PARTIALを保持。https://www.tradingview.com/symbols/NASDAQ-KITT/forecast/: HTTP Error 404: Not Found / https://www.tradingview.com/symbols/NASDAQ-KITT/forecast-price-target/: HTTP Error 404: Not Found / https://www.tradingview.com/symbols/NYSE-KITT/forecast/: HTTP Error 404: Not Found
2026-06-27T23:16:32.019310+09:00,W04_tv_ratings,AXTI,US,WARN,tv_ratings,TV_PARTIAL,mode=full; status=kept_previous_tv_partial; stale_days=0; 今回未取得のため前回TV_PARTIALを保持。https://www.tradingview.com/symbols/NASDAQ-AXTI/forecast/: HTTP Error 403: Forbidden / https://www.tradingview.com/symbols/NASDAQ-AXTI/forecast-price-target/: HTTP Error 403: Forbidden / https://www.tradingview.com/symbols/NYSE-AXTI/forecast/: HTTP Error 403: Forbidden
2026-06-27T23:16:32.019321+09:00,W04_tv_ratings,COHR,US,WARN,tv_ratings,TV_PARTIAL,mode=full; status=kept_previous_tv_partial; stale_days=0; 今回未取得のため前回TV_PARTIALを保持。https://www.tradingview.com/symbols/NYSE-COHR/forecast/: HTTP Error 403: Forbidden / https://www.tradingview.com/symbols/NYSE-COHR/forecast-price-target/: HTTP Error 403: Forbidden / https://www.tradingview.com/symbols/NASDAQ-COHR/forecast/: HTTP Error 403: Forbidden
2026-06-27T23:16:32.019332+09:00,W04_tv_ratings,ANET,US,WARN,tv_ratings,TV_PARTIAL,mode=full; status=kept_previous_tv_partial; stale_days=0; 今回未取得のため前回TV_PARTIALを保持。https://www.tradingview.com/symbols/NYSE-ANET/forecast/: HTTP Error 403: Forbidden / https://www.tradingview.com/symbols/NYSE-ANET/forecast-price-target/: HTTP Error 403: Forbidden / https://www.tradingview.com/symbols/NASDAQ-ANET/forecast/: HTTP Error 403: Forbidden
2026-06-27T23:16:32.019342+09:00,W04_tv_ratings,DDOG,US,WARN,tv_ratings,TV_PARTIAL,mode=full; status=kept_previous_tv_partial; stale_days=0; 今回未取得のため前回TV_PARTIALを保持。https://www.tradingview.com/symbols/NASDAQ-DDOG/forecast/: HTTP Error 403: Forbidden / https://www.tradingview.com/symbols/NASDAQ-DDOG/forecast-price-target/: HTTP Error 403: Forbidden / https://www.tradingview.com/symbols/NYSE-DDOG/forecast/: HTTP Error 403: Forbidden
2026-06-27T23:16:32.019352+09:00,W04_tv_ratings,SNOW,US,WARN,tv_ratings,TV_PARTIAL,mode=full; status=kept_previous_tv_partial; stale_days=0; 今回未取得のため前回TV_PARTIALを保持。https://www.tradingview.com/symbols/NYSE-SNOW/forecast/: HTTP Error 403: Forbidden / https://www.tradingview.com/symbols/NYSE-SNOW/forecast-price-target/: HTTP Error 403: Forbidden / https://www.tradingview.com/symbols/NASDAQ-SNOW/forecast/: HTTP Error 403: Forbidden
2026-06-27T23:16:32.019362+09:00,W04_tv_ratings,OPTX,US,WARN,tv_ratings,TV_PARTIAL,mode=full; status=kept_previous_tv_partial; stale_days=0; 今回未取得のため前回TV_PARTIALを保持。https://www.tradingview.com/symbols/NASDAQ-OPTX/forecast/: HTTP Error 403: Forbidden / https://www.tradingview.com/symbols/NASDAQ-OPTX/forecast-price-target/: HTTP Error 403: Forbidden / https://www.tradingview.com/symbols/NYSE-OPTX/forecast/: HTTP Error 403: Forbidden
2026-06-27T23:16:32.019395+09:00,W04_tv_ratings,AEM,US,WARN,tv_ratings,TV_PARTIAL,mode=full; status=kept_previous_tv_partial; stale_days=0; 今回未取得のため前回TV_PARTIALを保持。https://www.tradingview.com/symbols/NYSE-AEM/forecast/: HTTP Error 403: Forbidden / https://www.tradingview.com/symbols/NYSE-AEM/forecast-price-target/: HTTP Error 403: Forbidden / https://www.tradingview.com/symbols/NASDAQ-AEM/forecast/: HTTP Error 403: Forbidden
2026-06-27T23:16:32.019406+09:00,W04_tv_ratings,ZETA,US,WARN,tv_ratings,TV_PARTIAL,mode=full; status=kept_previous_tv_partial; stale_days=0; 今回未取得のため前回TV_PARTIALを保持。https://www.tradingview.com/symbols/NYSE-ZETA/forecast/: HTTP Error 403: Forbidden / https://www.tradingview.com/symbols/NYSE-ZETA/forecast-price-target/: HTTP Error 403: Forbidden / https://www.tradingview.com/symbols/NASDAQ-ZETA/forecast/: HTTP Error 403: Forbidden
2026-06-27T23:17:29.192784+09:00,D03_buy_alert,EWY,US,INFO,価格スケール確認待ち,buy_zone_master,basis status
2026-06-27T23:17:29.192803+09:00,D03_buy_alert,PL,US,INFO,価格スケール確認待ち,buy_zone_master,basis status
2026-06-27T23:17:29.192809+09:00,D03_buy_alert,MSTR,US,INFO,条件確認待ち,buy_zone_master,basis status
2026-06-27T23:17:29.192815+09:00,D03_buy_alert,AXTI,US,INFO,価格スケール確認待ち,buy_zone_master,basis status
2026-06-27T23:17:29.192819+09:00,D03_buy_alert,COHR,US,INFO,価格スケール確認待ち,buy_zone_master,basis status
2026-06-27T23:17:29.192824+09:00,D03_buy_alert,OPTX,US,INFO,価格スケール確認待ち,buy_zone_master,basis status
2026-06-27T23:55:08.620014+09:00,W04_tv_ratings,AVAV,US,INFO,tv_ratings,TV_FULL,mode=full; status=forecast_page_ok; stale_days=0; 
2026-06-27T23:55:08.620038+09:00,W04_tv_ratings,AXON,US,INFO,tv_ratings,TV_FULL,mode=full; status=forecast_page_ok; stale_days=0; 
2026-06-27T23:55:08.620044+09:00,W04_tv_ratings,AUR,US,INFO,tv_ratings,TV_FULL,mode=full; status=forecast_page_ok; stale_days=0; 
2026-06-27T23:55:08.620050+09:00,W04_tv_ratings,TMDX,US,INFO,tv_ratings,TV_FULL,mode=full; status=forecast_page_ok; stale_days=0; 
2026-06-27T23:55:08.620055+09:00,W04_tv_ratings,NOW,US,INFO,tv_ratings,TV_FULL,mode=full; status=forecast_page_ok; stale_days=0; 
2026-06-27T23:55:08.620061+09:00,W04_tv_ratings,RDW,US,INFO,tv_ratings,TV_FULL,mode=full; status=forecast_page_ok; stale_days=0; 
2026-06-27T23:55:08.620066+09:00,W04_tv_ratings,TRMB,US,INFO,tv_ratings,TV_FULL,mode=full; status=forecast_page_ok; stale_days=0; 
2026-06-27T23:55:08.620073+09:00,W04_tv_ratings,VEEV,US,INFO,tv_ratings,TV_FULL,mode=full; status=forecast_page_ok; stale_days=0; 
2026-06-27T23:55:08.620080+09:00,W04_tv_ratings,PYPL,US,INFO,tv_ratings,TV_FULL,mode=full; status=forecast_page_ok; stale_days=0; 
2026-06-27T23:55:08.620085+09:00,W04_tv_ratings,TEM,US,INFO,tv_ratings,TV_FULL,mode=full; status=forecast_page_ok; stale_days=0; 
2026-06-27T23:55:08.620090+09:00,W04_tv_ratings,FICO,US,INFO,tv_ratings,TV_FULL,mode=full; status=forecast_page_ok; stale_days=0; 
2026-06-27T23:55:08.620095+09:00,W04_tv_ratings,AAOI,US,INFO,tv_ratings,TV_FULL,mode=full; status=forecast_page_ok; stale_days=0; 
2026-06-27T23:55:08.620100+09:00,W04_tv_ratings,OUST,US,INFO,tv_ratings,TV_FULL,mode=full; status=forecast_page_ok; stale_days=0; 
2026-06-27T23:55:08.620104+09:00,W04_tv_ratings,APH,US,INFO,tv_ratings,TV_FULL,mode=full; status=forecast_page_ok; stale_days=0; 
2026-06-27T23:55:08.620109+09:00,W04_tv_ratings,ASPI,US,INFO,tv_ratings,TV_FULL,mode=full; status=forecast_page_ok; stale_days=0; 
2026-06-27T23:55:08.620114+09:00,W04_tv_ratings,NBIS,US,INFO,tv_ratings,TV_FULL,mode=full; status=forecast_page_ok; stale_days=0; 
2026-06-27T23:55:08.620118+09:00,W04_tv_ratings,ISRG,US,INFO,tv_ratings,TV_FULL,mode=full; status=forecast_page_ok; stale_days=0; 
2026-06-27T23:55:08.620123+09:00,W04_tv_ratings,SPGI,US,INFO,tv_ratings,TV_FULL,mode=full; status=forecast_page_ok; stale_days=0; 
2026-06-27T23:55:08.620127+09:00,W04_tv_ratings,MELI,US,INFO,tv_ratings,TV_FULL,mode=full; status=forecast_page_ok; stale_days=0; 
2026-06-27T23:55:08.620132+09:00,W04_tv_ratings,TMO,US,INFO,tv_ratings,TV_FULL,mode=full; status=forecast_page_ok; stale_days=0; 
2026-06-27T23:55:08.620136+09:00,W04_tv_ratings,META,US,INFO,tv_ratings,TV_FULL,mode=full; status=forecast_page_ok; stale_days=0; 
2026-06-27T23:55:08.620141+09:00,W04_tv_ratings,IONQ,US,INFO,tv_ratings,TV_FULL,mode=full; status=forecast_page_ok; stale_days=0; 
2026-06-27T23:55:08.620146+09:00,W04_tv_ratings,RGTI,US,INFO,tv_ratings,TV_FULL,mode=full; status=forecast_page_ok; stale_days=0; 
2026-06-27T23:55:08.620150+09:00,W04_tv_ratings,SDGR,US,INFO,tv_ratings,TV_FULL,mode=full; status=forecast_page_ok; stale_days=0; 
2026-06-27T23:55:08.620155+09:00,W04_tv_ratings,RXRX,US,INFO,tv_ratings,TV_FULL,mode=full; status=forecast_page_ok; stale_days=0; 
2026-06-27T23:55:08.620159+09:00,W04_tv_ratings,QCOM,US,INFO,tv_ratings,TV_FULL,mode=full; status=forecast_page_ok; stale_days=0; 
2026-06-27T23:55:08.620164+09:00,W04_tv_ratings,HSAI,US,INFO,tv_ratings,TV_FULL,mode=full; status=forecast_page_ok; stale_days=0; 
2026-06-27T23:55:08.620173+09:00,W04_tv_ratings,PL,US,INFO,tv_ratings,TV_FULL,mode=full; status=forecast_page_ok; stale_days=0; 
2026-06-27T23:55:08.620178+09:00,W04_tv_ratings,V,US,INFO,tv_ratings,TV_FULL,mode=full; status=forecast_page_ok; stale_days=0; 
2026-06-27T23:55:08.620182+09:00,W04_tv_ratings,VRTX,US,INFO,tv_ratings,TV_FULL,mode=full; status=forecast_page_ok; stale_days=0; 
2026-06-27T23:55:08.620187+09:00,W04_tv_ratings,DIS,US,INFO,tv_ratings,TV_FULL,mode=full; status=forecast_page_ok; stale_days=0; 
2026-06-27T23:55:08.620192+09:00,W04_tv_ratings,KVYO,US,INFO,tv_ratings,TV_FULL,mode=full; status=forecast_page_ok; stale_days=0; 
2026-06-27T23:55:08.620196+09:00,W04_tv_ratings,DKNG,US,INFO,tv_ratings,TV_FULL,mode=full; status=kept_previous_tv_full; stale_days=0; 今回TV_FULL未取得のため前回TV_FULL値を保持。attempt_quality=TV_MISSING; https://www.tradingview.com/symbols/NASDAQ-DKNG/forecast/: HTTP Error 403: Forbidden / https://www.tradingview.com/symbols/NASDAQ-DKNG/forecast-price-target/: HTTP Error 403: Forbidden
2026-06-27T23:55:08.620207+09:00,W04_tv_ratings,CRSP,US,INFO,tv_ratings,TV_FULL,mode=full; status=kept_previous_tv_full; stale_days=0; 今回TV_FULL未取得のため前回TV_FULL値を保持。attempt_quality=TV_MISSING; https://www.tradingview.com/symbols/NASDAQ-CRSP/forecast/: HTTP Error 403: Forbidden / https://www.tradingview.com/symbols/NASDAQ-CRSP/forecast-price-target/: HTTP Error 403: Forbidden
2026-06-27T23:55:08.620217+09:00,W04_tv_ratings,BEAM,US,INFO,tv_ratings,TV_FULL,mode=full; status=kept_previous_tv_full; stale_days=0; 今回TV_FULL未取得のため前回TV_FULL値を保持。attempt_quality=TV_MISSING; https://www.tradingview.com/symbols/NASDAQ-BEAM/forecast/: HTTP Error 403: Forbidden / https://www.tradingview.com/symbols/NASDAQ-BEAM/forecast-price-target/: HTTP Error 403: Forbidden
2026-06-27T23:55:08.620226+09:00,W04_tv_ratings,ETN,US,INFO,tv_ratings,TV_FULL,mode=full; status=kept_previous_tv_full; stale_days=0; 今回TV_FULL未取得のため前回TV_FULL値を保持。attempt_quality=TV_MISSING; https://www.tradingview.com/symbols/NYSE-ETN/forecast/: HTTP Error 403: Forbidden / https://www.tradingview.com/symbols/NYSE-ETN/forecast-price-target/: HTTP Error 403: Forbidden
2026-06-27T23:55:08.620236+09:00,W04_tv_ratings,MSTR,US,INFO,tv_ratings,TV_FULL,mode=full; status=kept_previous_tv_full; stale_days=0; 今回TV_FULL未取得のため前回TV_FULL値を保持。attempt_quality=TV_MISSING; https://www.tradingview.com/symbols/NASDAQ-MSTR/forecast/: HTTP Error 403: Forbidden / https://www.tradingview.com/symbols/NASDAQ-MSTR/forecast-price-target/: HTTP Error 403: Forbidden
2026-06-27T23:55:08.620245+09:00,W04_tv_ratings,POET,US,INFO,tv_ratings,TV_FULL,mode=full; status=kept_previous_tv_full; stale_days=0; 今回TV_FULL未取得のため前回TV_FULL値を保持。attempt_quality=TV_MISSING; https://www.tradingview.com/symbols/NASDAQ-POET/forecast/: HTTP Error 403: Forbidden / https://www.tradingview.com/symbols/NASDAQ-POET/forecast-price-target/: HTTP Error 403: Forbidden
2026-06-27T23:55:08.620254+09:00,W04_tv_ratings,KITT,US,WARN,tv_ratings,TV_PARTIAL,mode=full; status=kept_previous_tv_partial; stale_days=0; 今回未取得のため前回TV_PARTIALを保持。https://www.tradingview.com/symbols/NASDAQ-KITT/forecast/: HTTP Error 403: Forbidden / https://www.tradingview.com/symbols/NASDAQ-KITT/forecast-price-target/: HTTP Error 403: Forbidden
2026-06-27T23:55:08.620263+09:00,W04_tv_ratings,AXTI,US,WARN,tv_ratings,TV_PARTIAL,mode=full; status=kept_previous_tv_partial; stale_days=0; 今回未取得のため前回TV_PARTIALを保持。https://www.tradingview.com/symbols/NASDAQ-AXTI/forecast/: HTTP Error 403: Forbidden / https://www.tradingview.com/symbols/NASDAQ-AXTI/forecast-price-target/: HTTP Error 403: Forbidden
2026-06-27T23:55:08.620271+09:00,W04_tv_ratings,COHR,US,WARN,tv_ratings,TV_PARTIAL,mode=full; status=kept_previous_tv_partial; stale_days=0; 今回未取得のため前回TV_PARTIALを保持。https://www.tradingview.com/symbols/NYSE-COHR/forecast/: HTTP Error 403: Forbidden / https://www.tradingview.com/symbols/NYSE-COHR/forecast-price-target/: HTTP Error 403: Forbidden
2026-06-27T23:55:08.620280+09:00,W04_tv_ratings,ANET,US,WARN,tv_ratings,TV_PARTIAL,mode=full; status=kept_previous_tv_partial; stale_days=0; 今回未取得のため前回TV_PARTIALを保持。https://www.tradingview.com/symbols/NYSE-ANET/forecast/: HTTP Error 403: Forbidden / https://www.tradingview.com/symbols/NYSE-ANET/forecast-price-target/: HTTP Error 403: Forbidden
2026-06-27T23:55:08.620289+09:00,W04_tv_ratings,DDOG,US,WARN,tv_ratings,TV_PARTIAL,mode=full; status=kept_previous_tv_partial; stale_days=0; 今回未取得のため前回TV_PARTIALを保持。https://www.tradingview.com/symbols/NASDAQ-DDOG/forecast/: HTTP Error 403: Forbidden / https://www.tradingview.com/symbols/NASDAQ-DDOG/forecast-price-target/: HTTP Error 403: Forbidden
2026-06-27T23:55:08.620317+09:00,W04_tv_ratings,SNOW,US,WARN,tv_ratings,TV_PARTIAL,mode=full; status=kept_previous_tv_partial; stale_days=0; 今回未取得のため前回TV_PARTIALを保持。https://www.tradingview.com/symbols/NYSE-SNOW/forecast/: HTTP Error 403: Forbidden / https://www.tradingview.com/symbols/NYSE-SNOW/forecast-price-target/: HTTP Error 403: Forbidden
2026-06-27T23:55:08.620326+09:00,W04_tv_ratings,OPTX,US,WARN,tv_ratings,TV_PARTIAL,mode=full; status=kept_previous_tv_partial; stale_days=0; 今回未取得のため前回TV_PARTIALを保持。https://www.tradingview.com/symbols/NASDAQ-OPTX/forecast/: HTTP Error 403: Forbidden / https://www.tradingview.com/symbols/NASDAQ-OPTX/forecast-price-target/: HTTP Error 403: Forbidden
2026-06-27T23:55:08.620335+09:00,W04_tv_ratings,AEM,US,WARN,tv_ratings,TV_PARTIAL,mode=full; status=kept_previous_tv_partial; stale_days=0; 今回未取得のため前回TV_PARTIALを保持。https://www.tradingview.com/symbols/NYSE-AEM/forecast/: HTTP Error 403: Forbidden / https://www.tradingview.com/symbols/NYSE-AEM/forecast-price-target/: HTTP Error 403: Forbidden
2026-06-27T23:55:08.620343+09:00,W04_tv_ratings,ZETA,US,WARN,tv_ratings,TV_PARTIAL,mode=full; status=kept_previous_tv_partial; stale_days=0; 今回未取得のため前回TV_PARTIALを保持。https://www.tradingview.com/symbols/NYSE-ZETA/forecast/: HTTP Error 403: Forbidden / https://www.tradingview.com/symbols/NYSE-ZETA/forecast-price-target/: HTTP Error 403: Forbidden
2026-06-27T23:58:38.198851+09:00,D03_buy_alert,EWY,US,INFO,価格スケール確認待ち,buy_zone_master,basis status
2026-06-27T23:58:38.198877+09:00,D03_buy_alert,PL,US,INFO,価格スケール確認待ち,buy_zone_master,basis status
2026-06-27T23:58:38.198884+09:00,D03_buy_alert,MSTR,US,INFO,条件確認待ち,buy_zone_master,basis status
2026-06-27T23:58:38.198890+09:00,D03_buy_alert,AXTI,US,INFO,価格スケール確認待ち,buy_zone_master,basis status
2026-06-27T23:58:38.198895+09:00,D03_buy_alert,COHR,US,INFO,価格スケール確認待ち,buy_zone_master,basis status
2026-06-27T23:58:38.198899+09:00,D03_buy_alert,OPTX,US,INFO,価格スケール確認待ち,buy_zone_master,basis status
2026-06-29T23:37:54.021110+09:00,D03_buy_alert,EWY,US,INFO,価格スケール確認待ち,buy_zone_master,basis status
2026-06-29T23:37:54.021132+09:00,D03_buy_alert,PL,US,INFO,価格スケール確認待ち,buy_zone_master,basis status
2026-06-29T23:37:54.021140+09:00,D03_buy_alert,MSTR,US,INFO,条件確認待ち,buy_zone_master,basis status
2026-06-29T23:37:54.021146+09:00,D03_buy_alert,AXTI,US,INFO,価格スケール確認待ち,buy_zone_master,basis status
2026-06-29T23:37:54.021150+09:00,D03_buy_alert,COHR,US,INFO,価格スケール確認待ち,buy_zone_master,basis status
2026-06-29T23:37:54.021155+09:00,D03_buy_alert,OPTX,US,INFO,価格スケール確認待ち,buy_zone_master,basis status
2026-06-30T19:45:04.290822+09:00,D03_buy_alert,EWY,US,INFO,価格スケール確認待ち,buy_zone_master,basis status
2026-06-30T19:45:04.290839+09:00,D03_buy_alert,PL,US,INFO,価格スケール確認待ち,buy_zone_master,basis status
2026-06-30T19:45:04.290846+09:00,D03_buy_alert,MSTR,US,INFO,条件確認待ち,buy_zone_master,basis status
2026-06-30T19:45:04.290851+09:00,D03_buy_alert,AXTI,US,INFO,価格スケール確認待ち,buy_zone_master,basis status
2026-06-30T19:45:04.290856+09:00,D03_buy_alert,COHR,US,INFO,価格スケール確認待ち,buy_zone_master,basis status
2026-06-30T19:45:04.290860+09:00,D03_buy_alert,OPTX,US,INFO,価格スケール確認待ち,buy_zone_master,basis status
2026-07-01T19:58:49.548492+09:00,D03_buy_alert,OUST,US,INFO,高値圏/基準再点検候補,buy_zone_master/yfinance,本命価格の4.17倍。価格異常とは断定せず、高値圏/基準再点検候補として扱う。
2026-07-01T19:58:49.548529+09:00,D03_buy_alert,EWY,US,INFO,価格スケール確認待ち,buy_zone_master,basis status
2026-07-01T19:58:49.548535+09:00,D03_buy_alert,PL,US,INFO,価格スケール確認待ち,buy_zone_master,basis status
2026-07-01T19:58:49.548540+09:00,D03_buy_alert,MSTR,US,INFO,条件確認待ち,buy_zone_master,basis status
2026-07-01T19:58:49.548545+09:00,D03_buy_alert,AXTI,US,INFO,価格スケール確認待ち,buy_zone_master,basis status
2026-07-01T19:58:49.548549+09:00,D03_buy_alert,COHR,US,INFO,価格スケール確認待ち,buy_zone_master,basis status
2026-07-01T19:58:49.548554+09:00,D03_buy_alert,OPTX,US,INFO,価格スケール確認待ち,buy_zone_master,basis status
2026-07-02T19:16:40.856285+09:00,D03_buy_alert,OUST,US,INFO,高値圏/基準再点検候補,buy_zone_master/yfinance,本命価格の4.00倍。価格異常とは断定せず、高値圏/基準再点検候補として扱う。
2026-07-02T19:16:40.856306+09:00,D03_buy_alert,EWY,US,INFO,価格スケール確認待ち,buy_zone_master,basis status
2026-07-02T19:16:40.856314+09:00,D03_buy_alert,PL,US,INFO,価格スケール確認待ち,buy_zone_master,basis status
2026-07-02T19:16:40.856319+09:00,D03_buy_alert,MSTR,US,INFO,条件確認待ち,buy_zone_master,basis status
2026-07-02T19:16:40.856324+09:00,D03_buy_alert,AXTI,US,INFO,価格スケール確認待ち,buy_zone_master,basis status
2026-07-02T19:16:40.856329+09:00,D03_buy_alert,COHR,US,INFO,価格スケール確認待ち,buy_zone_master,basis status
2026-07-02T19:16:40.856334+09:00,D03_buy_alert,OPTX,US,INFO,価格スケール確認待ち,buy_zone_master,basis status
2026-07-03T19:11:57.372675+09:00,D03_buy_alert,EWY,US,INFO,価格スケール確認待ち,buy_zone_master,basis status
2026-07-03T19:11:57.372692+09:00,D03_buy_alert,PL,US,INFO,価格スケール確認待ち,buy_zone_master,basis status
2026-07-03T19:11:57.372699+09:00,D03_buy_alert,MSTR,US,INFO,条件確認待ち,buy_zone_master,basis status
2026-07-03T19:11:57.372704+09:00,D03_buy_alert,AXTI,US,INFO,価格スケール確認待ち,buy_zone_master,basis status
2026-07-03T19:11:57.372708+09:00,D03_buy_alert,COHR,US,INFO,価格スケール確認待ち,buy_zone_master,basis status
2026-07-03T19:11:57.372713+09:00,D03_buy_alert,OPTX,US,INFO,価格スケール確認待ち,buy_zone_master,basis status
2026-07-04T17:14:58.323550+09:00,W04_tv_ratings,AVAV,US,INFO,tv_ratings,TV_FULL,mode=monthly; status=forecast_page_ok; stale_days=0; 
2026-07-04T17:14:58.323571+09:00,W04_tv_ratings,AXON,US,INFO,tv_ratings,TV_FULL,mode=monthly; status=forecast_page_ok; stale_days=0; 
2026-07-04T17:14:58.323578+09:00,W04_tv_ratings,AUR,US,INFO,tv_ratings,TV_FULL,mode=monthly; status=forecast_page_ok; stale_days=0; 
2026-07-04T17:14:58.323583+09:00,W04_tv_ratings,TMDX,US,INFO,tv_ratings,TV_FULL,mode=monthly; status=forecast_page_ok; stale_days=0; 
2026-07-04T17:14:58.323588+09:00,W04_tv_ratings,NOW,US,INFO,tv_ratings,TV_FULL,mode=monthly; status=forecast_page_ok; stale_days=0; 
2026-07-04T17:14:58.323599+09:00,W04_tv_ratings,RDW,US,INFO,tv_ratings,TV_FULL,mode=monthly; status=forecast_page_ok; stale_days=0; 
2026-07-04T17:14:58.323604+09:00,W04_tv_ratings,TRMB,US,INFO,tv_ratings,TV_FULL,mode=monthly; status=forecast_page_ok; stale_days=0; 
2026-07-04T17:14:58.323610+09:00,W04_tv_ratings,VEEV,US,INFO,tv_ratings,TV_FULL,mode=monthly; status=forecast_page_ok; stale_days=0; 
2026-07-04T17:14:58.323617+09:00,W04_tv_ratings,PYPL,US,INFO,tv_ratings,TV_FULL,mode=monthly; status=forecast_page_ok; stale_days=0; 
2026-07-04T17:14:58.323622+09:00,W04_tv_ratings,TEM,US,INFO,tv_ratings,TV_FULL,mode=monthly; status=forecast_page_ok; stale_days=0; 
2026-07-04T17:14:58.323626+09:00,W04_tv_ratings,FICO,US,INFO,tv_ratings,TV_FULL,mode=monthly; status=forecast_page_ok; stale_days=0; 
2026-07-04T17:14:58.323631+09:00,W04_tv_ratings,AAOI,US,INFO,tv_ratings,TV_FULL,mode=monthly; status=forecast_page_ok; stale_days=0; 
2026-07-04T17:14:58.323635+09:00,W04_tv_ratings,OUST,US,INFO,tv_ratings,TV_FULL,mode=monthly; status=forecast_page_ok; stale_days=0; 
2026-07-04T17:14:58.323639+09:00,W04_tv_ratings,APH,US,INFO,tv_ratings,TV_FULL,mode=monthly; status=forecast_page_ok; stale_days=0; 
2026-07-04T17:14:58.323644+09:00,W04_tv_ratings,ASPI,US,INFO,tv_ratings,TV_FULL,mode=monthly; status=forecast_page_ok; stale_days=0; 
2026-07-04T17:14:58.323648+09:00,W04_tv_ratings,NBIS,US,INFO,tv_ratings,TV_FULL,mode=monthly; status=forecast_page_ok; stale_days=0; 
2026-07-04T17:14:58.323653+09:00,W04_tv_ratings,ISRG,US,INFO,tv_ratings,TV_FULL,mode=monthly; status=forecast_page_ok; stale_days=0; 
2026-07-04T17:14:58.323657+09:00,W04_tv_ratings,SPGI,US,INFO,tv_ratings,TV_FULL,mode=monthly; status=forecast_page_ok; stale_days=0; 
2026-07-04T17:14:58.323668+09:00,W04_tv_ratings,MELI,US,INFO,tv_ratings,TV_FULL,mode=monthly; status=forecast_page_ok; stale_days=0; 
2026-07-04T17:14:58.323680+09:00,W04_tv_ratings,TMO,US,INFO,tv_ratings,TV_FULL,mode=monthly; status=forecast_page_ok; stale_days=0; 
2026-07-04T17:14:58.323690+09:00,W04_tv_ratings,META,US,INFO,tv_ratings,TV_FULL,mode=monthly; status=forecast_page_ok; stale_days=0; 
2026-07-04T17:14:58.323699+09:00,W04_tv_ratings,IONQ,US,INFO,tv_ratings,TV_FULL,mode=monthly; status=forecast_page_ok; stale_days=0; 
2026-07-04T17:14:58.323708+09:00,W04_tv_ratings,RGTI,US,INFO,tv_ratings,TV_FULL,mode=monthly; status=forecast_page_ok; stale_days=0; 
2026-07-04T17:14:58.323717+09:00,W04_tv_ratings,SDGR,US,INFO,tv_ratings,TV_FULL,mode=monthly; status=forecast_page_ok; stale_days=0; 
2026-07-04T17:14:58.323727+09:00,W04_tv_ratings,RXRX,US,INFO,tv_ratings,TV_FULL,mode=monthly; status=forecast_page_ok; stale_days=0; 
2026-07-04T17:14:58.323735+09:00,W04_tv_ratings,QCOM,US,INFO,tv_ratings,TV_FULL,mode=monthly; status=forecast_page_ok; stale_days=0; 
2026-07-04T17:14:58.323740+09:00,W04_tv_ratings,HSAI,US,INFO,tv_ratings,TV_FULL,mode=monthly; status=forecast_page_ok; stale_days=0; 
2026-07-04T17:14:58.323745+09:00,W04_tv_ratings,PL,US,INFO,tv_ratings,TV_FULL,mode=monthly; status=forecast_page_ok; stale_days=0; 
2026-07-04T17:14:58.323749+09:00,W04_tv_ratings,V,US,INFO,tv_ratings,TV_FULL,mode=monthly; status=forecast_page_ok; stale_days=0; 
2026-07-04T17:14:58.323759+09:00,W04_tv_ratings,VRTX,US,INFO,tv_ratings,TV_FULL,mode=monthly; status=forecast_page_ok; stale_days=0; 
2026-07-04T17:14:58.323763+09:00,W04_tv_ratings,DIS,US,INFO,tv_ratings,TV_FULL,mode=monthly; status=forecast_page_ok; stale_days=0; 
2026-07-04T17:14:58.323768+09:00,W04_tv_ratings,KVYO,US,INFO,tv_ratings,TV_FULL,mode=monthly; status=forecast_page_ok; stale_days=0; 
2026-07-04T17:14:58.323772+09:00,W04_tv_ratings,DKNG,US,INFO,tv_ratings,TV_FULL,mode=monthly; status=forecast_page_ok; stale_days=0; 
2026-07-04T17:14:58.323776+09:00,W04_tv_ratings,CRSP,US,INFO,tv_ratings,TV_FULL,mode=monthly; status=forecast_page_ok; stale_days=0; 
2026-07-04T17:14:58.323781+09:00,W04_tv_ratings,BEAM,US,INFO,tv_ratings,TV_FULL,mode=monthly; status=forecast_page_ok; stale_days=0; 
2026-07-04T17:14:58.323786+09:00,W04_tv_ratings,ETN,US,INFO,tv_ratings,TV_FULL,mode=monthly; status=forecast_page_ok; stale_days=0; 
2026-07-04T17:14:58.323791+09:00,W04_tv_ratings,MSTR,US,INFO,tv_ratings,TV_FULL,mode=monthly; status=forecast_page_ok; stale_days=0; 
2026-07-04T17:14:58.323795+09:00,W04_tv_ratings,POET,US,INFO,tv_ratings,TV_FULL,mode=monthly; status=forecast_page_ok; stale_days=0; 
2026-07-04T17:14:58.323799+09:00,W04_tv_ratings,KITT,US,WARN,tv_ratings,TV_PARTIAL,mode=monthly; status=kept_previous_tv_partial; stale_days=7; 今回未取得のため前回TV_PARTIALを保持。https://www.tradingview.com/symbols/NASDAQ-KITT/forecast/: HTTP Error 404: Not Found / https://www.tradingview.com/symbols/NASDAQ-KITT/forecast-price-target/: HTTP Error 404: Not Found
2026-07-04T17:14:58.323810+09:00,W04_tv_ratings,AXTI,US,INFO,tv_ratings,TV_FULL,mode=monthly; status=forecast_page_ok; stale_days=0; 
2026-07-04T17:14:58.323814+09:00,W04_tv_ratings,COHR,US,INFO,tv_ratings,TV_FULL,mode=monthly; status=forecast_page_ok; stale_days=0; 
2026-07-04T17:14:58.323819+09:00,W04_tv_ratings,ANET,US,INFO,tv_ratings,TV_FULL,mode=monthly; status=forecast_page_ok; stale_days=0; 
2026-07-04T17:14:58.323824+09:00,W04_tv_ratings,DDOG,US,INFO,tv_ratings,TV_FULL,mode=monthly; status=forecast_page_ok; stale_days=0; 
2026-07-04T17:14:58.323828+09:00,W04_tv_ratings,SNOW,US,INFO,tv_ratings,TV_FULL,mode=monthly; status=forecast_page_ok; stale_days=0; 
2026-07-04T17:14:58.323833+09:00,W04_tv_ratings,OPTX,US,WARN,tv_ratings,TV_PARTIAL,mode=monthly; status=kept_previous_tv_partial; stale_days=7; 今回未取得のため前回TV_PARTIALを保持。https://www.tradingview.com/symbols/NASDAQ-OPTX/forecast/: HTTP Error 404: Not Found / https://www.tradingview.com/symbols/NASDAQ-OPTX/forecast-price-target/: HTTP Error 404: Not Found
2026-07-04T17:14:58.323841+09:00,W04_tv_ratings,AEM,US,INFO,tv_ratings,TV_FULL,mode=monthly; status=forecast_page_ok; stale_days=0; 
2026-07-04T17:14:58.323846+09:00,W04_tv_ratings,ZETA,US,INFO,tv_ratings,TV_FULL,mode=monthly; status=forecast_page_ok; stale_days=0; 
2026-07-06T22:03:27.623245+09:00,D03_buy_alert,EWY,US,INFO,価格スケール確認待ち,buy_zone_master,basis status
2026-07-06T22:03:27.623268+09:00,D03_buy_alert,PL,US,INFO,価格スケール確認待ち,buy_zone_master,basis status
2026-07-06T22:03:27.623275+09:00,D03_buy_alert,MSTR,US,INFO,条件確認待ち,buy_zone_master,basis status
2026-07-06T22:03:27.623280+09:00,D03_buy_alert,AXTI,US,INFO,価格スケール確認待ち,buy_zone_master,basis status
2026-07-06T22:03:27.623285+09:00,D03_buy_alert,COHR,US,INFO,価格スケール確認待ち,buy_zone_master,basis status
2026-07-06T22:03:27.623290+09:00,D03_buy_alert,OPTX,US,INFO,価格スケール確認待ち,buy_zone_master,basis status
2026-07-07T19:40:08.145574+09:00,D03_buy_alert,EWY,US,INFO,価格スケール確認待ち,buy_zone_master,basis status
2026-07-07T19:40:08.145595+09:00,D03_buy_alert,PL,US,INFO,価格スケール確認待ち,buy_zone_master,basis status
2026-07-07T19:40:08.145601+09:00,D03_buy_alert,MSTR,US,INFO,条件確認待ち,buy_zone_master,basis status
2026-07-07T19:40:08.145605+09:00,D03_buy_alert,AXTI,US,INFO,価格スケール確認待ち,buy_zone_master,basis status
2026-07-07T19:40:08.145609+09:00,D03_buy_alert,COHR,US,INFO,価格スケール確認待ち,buy_zone_master,basis status
2026-07-07T19:40:08.145613+09:00,D03_buy_alert,OPTX,US,INFO,価格スケール確認待ち,buy_zone_master,basis status
2026-07-08T16:56:48.631295+09:00,D03_buy_alert,EWY,US,INFO,価格スケール確認待ち,buy_zone_master,basis status
2026-07-08T16:56:48.631319+09:00,D03_buy_alert,PL,US,INFO,価格スケール確認待ち,buy_zone_master,basis status
2026-07-08T16:56:48.631327+09:00,D03_buy_alert,MSTR,US,INFO,条件確認待ち,buy_zone_master,basis status
2026-07-08T16:56:48.631332+09:00,D03_buy_alert,AXTI,US,INFO,価格スケール確認待ち,buy_zone_master,basis status
2026-07-08T16:56:48.631337+09:00,D03_buy_alert,COHR,US,INFO,価格スケール確認待ち,buy_zone_master,basis status
2026-07-08T16:56:48.631342+09:00,D03_buy_alert,OPTX,US,INFO,価格スケール確認待ち,buy_zone_master,basis status
2026-07-09T19:44:54.121695+09:00,D03_buy_alert,EWY,US,INFO,価格スケール確認待ち,buy_zone_master,basis status
2026-07-09T19:44:54.121722+09:00,D03_buy_alert,PL,US,INFO,価格スケール確認待ち,buy_zone_master,basis status
2026-07-09T19:44:54.121730+09:00,D03_buy_alert,MSTR,US,INFO,条件確認待ち,buy_zone_master,basis status
2026-07-09T19:44:54.121735+09:00,D03_buy_alert,AXTI,US,INFO,価格スケール確認待ち,buy_zone_master,basis status
2026-07-09T19:44:54.121740+09:00,D03_buy_alert,COHR,US,INFO,価格スケール確認待ち,buy_zone_master,basis status
2026-07-09T19:44:54.121745+09:00,D03_buy_alert,OPTX,US,INFO,価格スケール確認待ち,buy_zone_master,basis status
2026-07-10T19:36:45.041128+09:00,D03_buy_alert,EWY,US,INFO,価格スケール確認待ち,buy_zone_master,basis status
2026-07-10T19:36:45.041151+09:00,D03_buy_alert,PL,US,INFO,価格スケール確認待ち,buy_zone_master,basis status
2026-07-10T19:36:45.041158+09:00,D03_buy_alert,MSTR,US,INFO,条件確認待ち,buy_zone_master,basis status
2026-07-10T19:36:45.041164+09:00,D03_buy_alert,AXTI,US,INFO,価格スケール確認待ち,buy_zone_master,basis status
2026-07-10T19:36:45.041168+09:00,D03_buy_alert,COHR,US,INFO,価格スケール確認待ち,buy_zone_master,basis status
2026-07-10T19:36:45.041173+09:00,D03_buy_alert,OPTX,US,INFO,価格スケール確認待ち,buy_zone_master,basis status
2026-07-11T15:33:13.722550+09:00,W04_tv_ratings,AVAV,US,INFO,tv_ratings,TV_FULL,mode=missing; status=skipped_recent_or_not_due; stale_days=7; 今回は再取得対象外。保存済みTradingView情報を使用。
2026-07-11T15:33:13.722587+09:00,W04_tv_ratings,AXON,US,INFO,tv_ratings,TV_FULL,mode=missing; status=skipped_recent_or_not_due; stale_days=7; 今回は再取得対象外。保存済みTradingView情報を使用。
2026-07-11T15:33:13.722594+09:00,W04_tv_ratings,AUR,US,INFO,tv_ratings,TV_FULL,mode=missing; status=skipped_recent_or_not_due; stale_days=7; 今回は再取得対象外。保存済みTradingView情報を使用。
2026-07-11T15:33:13.722599+09:00,W04_tv_ratings,TMDX,US,INFO,tv_ratings,TV_FULL,mode=missing; status=skipped_recent_or_not_due; stale_days=7; 今回は再取得対象外。保存済みTradingView情報を使用。
2026-07-11T15:33:13.722604+09:00,W04_tv_ratings,NOW,US,INFO,tv_ratings,TV_FULL,mode=missing; status=skipped_recent_or_not_due; stale_days=7; 今回は再取得対象外。保存済みTradingView情報を使用。
2026-07-11T15:33:13.722609+09:00,W04_tv_ratings,RDW,US,INFO,tv_ratings,TV_FULL,mode=missing; status=skipped_recent_or_not_due; stale_days=7; 今回は再取得対象外。保存済みTradingView情報を使用。
2026-07-11T15:33:13.722614+09:00,W04_tv_ratings,TRMB,US,INFO,tv_ratings,TV_FULL,mode=missing; status=skipped_recent_or_not_due; stale_days=7; 今回は再取得対象外。保存済みTradingView情報を使用。
2026-07-11T15:33:13.722621+09:00,W04_tv_ratings,VEEV,US,INFO,tv_ratings,TV_FULL,mode=missing; status=skipped_recent_or_not_due; stale_days=7; 今回は再取得対象外。保存済みTradingView情報を使用。
2026-07-11T15:33:13.722628+09:00,W04_tv_ratings,PYPL,US,INFO,tv_ratings,TV_FULL,mode=missing; status=skipped_recent_or_not_due; stale_days=7; 今回は再取得対象外。保存済みTradingView情報を使用。
2026-07-11T15:33:13.722633+09:00,W04_tv_ratings,TEM,US,INFO,tv_ratings,TV_FULL,mode=missing; status=skipped_recent_or_not_due; stale_days=7; 今回は再取得対象外。保存済みTradingView情報を使用。
2026-07-11T15:33:13.722637+09:00,W04_tv_ratings,FICO,US,INFO,tv_ratings,TV_FULL,mode=missing; status=skipped_recent_or_not_due; stale_days=7; 今回は再取得対象外。保存済みTradingView情報を使用。
2026-07-11T15:33:13.722642+09:00,W04_tv_ratings,AAOI,US,INFO,tv_ratings,TV_FULL,mode=missing; status=skipped_recent_or_not_due; stale_days=7; 今回は再取得対象外。保存済みTradingView情報を使用。
2026-07-11T15:33:13.722646+09:00,W04_tv_ratings,OUST,US,INFO,tv_ratings,TV_FULL,mode=missing; status=skipped_recent_or_not_due; stale_days=7; 今回は再取得対象外。保存済みTradingView情報を使用。
2026-07-11T15:33:13.722650+09:00,W04_tv_ratings,APH,US,INFO,tv_ratings,TV_FULL,mode=missing; status=skipped_recent_or_not_due; stale_days=7; 今回は再取得対象外。保存済みTradingView情報を使用。
2026-07-11T15:33:13.722654+09:00,W04_tv_ratings,ASPI,US,INFO,tv_ratings,TV_FULL,mode=missing; status=skipped_recent_or_not_due; stale_days=7; 今回は再取得対象外。保存済みTradingView情報を使用。
2026-07-11T15:33:13.722658+09:00,W04_tv_ratings,NBIS,US,INFO,tv_ratings,TV_FULL,mode=missing; status=skipped_recent_or_not_due; stale_days=7; 今回は再取得対象外。保存済みTradingView情報を使用。
2026-07-11T15:33:13.722663+09:00,W04_tv_ratings,ISRG,US,INFO,tv_ratings,TV_FULL,mode=missing; status=skipped_recent_or_not_due; stale_days=7; 今回は再取得対象外。保存済みTradingView情報を使用。
2026-07-11T15:33:13.722667+09:00,W04_tv_ratings,SPGI,US,INFO,tv_ratings,TV_FULL,mode=missing; status=skipped_recent_or_not_due; stale_days=7; 今回は再取得対象外。保存済みTradingView情報を使用。
2026-07-11T15:33:13.722671+09:00,W04_tv_ratings,MELI,US,INFO,tv_ratings,TV_FULL,mode=missing; status=skipped_recent_or_not_due; stale_days=7; 今回は再取得対象外。保存済みTradingView情報を使用。
2026-07-11T15:33:13.722675+09:00,W04_tv_ratings,TMO,US,INFO,tv_ratings,TV_FULL,mode=missing; status=skipped_recent_or_not_due; stale_days=7; 今回は再取得対象外。保存済みTradingView情報を使用。
2026-07-11T15:33:13.722679+09:00,W04_tv_ratings,META,US,INFO,tv_ratings,TV_FULL,mode=missing; status=skipped_recent_or_not_due; stale_days=7; 今回は再取得対象外。保存済みTradingView情報を使用。
2026-07-11T15:33:13.722683+09:00,W04_tv_ratings,IONQ,US,INFO,tv_ratings,TV_FULL,mode=missing; status=skipped_recent_or_not_due; stale_days=7; 今回は再取得対象外。保存済みTradingView情報を使用。
2026-07-11T15:33:13.722688+09:00,W04_tv_ratings,RGTI,US,INFO,tv_ratings,TV_FULL,mode=missing; status=skipped_recent_or_not_due; stale_days=7; 今回は再取得対象外。保存済みTradingView情報を使用。
2026-07-11T15:33:13.722692+09:00,W04_tv_ratings,SDGR,US,INFO,tv_ratings,TV_FULL,mode=missing; status=skipped_recent_or_not_due; stale_days=7; 今回は再取得対象外。保存済みTradingView情報を使用。
2026-07-11T15:33:13.722696+09:00,W04_tv_ratings,RXRX,US,INFO,tv_ratings,TV_FULL,mode=missing; status=skipped_recent_or_not_due; stale_days=7; 今回は再取得対象外。保存済みTradingView情報を使用。
2026-07-11T15:33:13.722700+09:00,W04_tv_ratings,QCOM,US,INFO,tv_ratings,TV_FULL,mode=missing; status=skipped_recent_or_not_due; stale_days=7; 今回は再取得対象外。保存済みTradingView情報を使用。
2026-07-11T15:33:13.722704+09:00,W04_tv_ratings,HSAI,US,INFO,tv_ratings,TV_FULL,mode=missing; status=skipped_recent_or_not_due; stale_days=7; 今回は再取得対象外。保存済みTradingView情報を使用。
2026-07-11T15:33:13.722708+09:00,W04_tv_ratings,PL,US,INFO,tv_ratings,TV_FULL,mode=missing; status=skipped_recent_or_not_due; stale_days=7; 今回は再取得対象外。保存済みTradingView情報を使用。
2026-07-11T15:33:13.722713+09:00,W04_tv_ratings,V,US,INFO,tv_ratings,TV_FULL,mode=missing; status=skipped_recent_or_not_due; stale_days=7; 今回は再取得対象外。保存済みTradingView情報を使用。
2026-07-11T15:33:13.722717+09:00,W04_tv_ratings,VRTX,US,INFO,tv_ratings,TV_FULL,mode=missing; status=skipped_recent_or_not_due; stale_days=7; 今回は再取得対象外。保存済みTradingView情報を使用。
2026-07-11T15:33:13.722721+09:00,W04_tv_ratings,DIS,US,INFO,tv_ratings,TV_FULL,mode=missing; status=skipped_recent_or_not_due; stale_days=7; 今回は再取得対象外。保存済みTradingView情報を使用。
2026-07-11T15:33:13.722726+09:00,W04_tv_ratings,KVYO,US,INFO,tv_ratings,TV_FULL,mode=missing; status=skipped_recent_or_not_due; stale_days=7; 今回は再取得対象外。保存済みTradingView情報を使用。
2026-07-11T15:33:13.722730+09:00,W04_tv_ratings,DKNG,US,INFO,tv_ratings,TV_FULL,mode=missing; status=skipped_recent_or_not_due; stale_days=7; 今回は再取得対象外。保存済みTradingView情報を使用。
2026-07-11T15:33:13.722734+09:00,W04_tv_ratings,CRSP,US,INFO,tv_ratings,TV_FULL,mode=missing; status=skipped_recent_or_not_due; stale_days=7; 今回は再取得対象外。保存済みTradingView情報を使用。
2026-07-11T15:33:13.722738+09:00,W04_tv_ratings,BEAM,US,INFO,tv_ratings,TV_FULL,mode=missing; status=skipped_recent_or_not_due; stale_days=7; 今回は再取得対象外。保存済みTradingView情報を使用。
2026-07-11T15:33:13.722743+09:00,W04_tv_ratings,ETN,US,INFO,tv_ratings,TV_FULL,mode=missing; status=skipped_recent_or_not_due; stale_days=7; 今回は再取得対象外。保存済みTradingView情報を使用。
2026-07-11T15:33:13.722747+09:00,W04_tv_ratings,MSTR,US,INFO,tv_ratings,TV_FULL,mode=missing; status=skipped_recent_or_not_due; stale_days=7; 今回は再取得対象外。保存済みTradingView情報を使用。
2026-07-11T15:33:13.722751+09:00,W04_tv_ratings,POET,US,INFO,tv_ratings,TV_FULL,mode=missing; status=skipped_recent_or_not_due; stale_days=7; 今回は再取得対象外。保存済みTradingView情報を使用。
2026-07-11T15:33:13.722755+09:00,W04_tv_ratings,KITT,US,WARN,tv_ratings,TV_PARTIAL,mode=missing; status=kept_previous_tv_partial; stale_days=14; 今回未取得のため前回TV_PARTIALを保持。https://www.tradingview.com/symbols/NASDAQ-KITT/forecast/: HTTP Error 404: Not Found / https://www.tradingview.com/symbols/NASDAQ-KITT/forecast-price-target/: HTTP Error 404: Not Found
2026-07-11T15:33:13.722782+09:00,W04_tv_ratings,AXTI,US,INFO,tv_ratings,TV_FULL,mode=missing; status=skipped_recent_or_not_due; stale_days=7; 今回は再取得対象外。保存済みTradingView情報を使用。
2026-07-11T15:33:13.722787+09:00,W04_tv_ratings,COHR,US,INFO,tv_ratings,TV_FULL,mode=missing; status=skipped_recent_or_not_due; stale_days=7; 今回は再取得対象外。保存済みTradingView情報を使用。
2026-07-11T15:33:13.722792+09:00,W04_tv_ratings,ANET,US,INFO,tv_ratings,TV_FULL,mode=missing; status=skipped_recent_or_not_due; stale_days=7; 今回は再取得対象外。保存済みTradingView情報を使用。
2026-07-11T15:33:13.722796+09:00,W04_tv_ratings,DDOG,US,INFO,tv_ratings,TV_FULL,mode=missing; status=skipped_recent_or_not_due; stale_days=7; 今回は再取得対象外。保存済みTradingView情報を使用。
2026-07-11T15:33:13.722800+09:00,W04_tv_ratings,SNOW,US,INFO,tv_ratings,TV_FULL,mode=missing; status=skipped_recent_or_not_due; stale_days=7; 今回は再取得対象外。保存済みTradingView情報を使用。
2026-07-11T15:33:13.722804+09:00,W04_tv_ratings,OPTX,US,WARN,tv_ratings,TV_PARTIAL,mode=missing; status=kept_previous_tv_partial; stale_days=14; 今回未取得のため前回TV_PARTIALを保持。https://www.tradingview.com/symbols/NASDAQ-OPTX/forecast/: HTTP Error 404: Not Found / https://www.tradingview.com/symbols/NASDAQ-OPTX/forecast-price-target/: HTTP Error 404: Not Found
2026-07-11T15:33:13.722810+09:00,W04_tv_ratings,AEM,US,INFO,tv_ratings,TV_FULL,mode=missing; status=skipped_recent_or_not_due; stale_days=7; 今回は再取得対象外。保存済みTradingView情報を使用。
2026-07-11T15:33:13.722815+09:00,W04_tv_ratings,ZETA,US,INFO,tv_ratings,TV_FULL,mode=missing; status=skipped_recent_or_not_due; stale_days=7; 今回は再取得対象外。保存済みTradingView情報を使用。
2026-07-13T19:42:46.428131+09:00,D03_buy_alert,EWY,US,INFO,価格スケール確認待ち,buy_zone_master,basis status
2026-07-13T19:42:46.428148+09:00,D03_buy_alert,PL,US,INFO,価格スケール確認待ち,buy_zone_master,basis status
2026-07-13T19:42:46.428154+09:00,D03_buy_alert,MSTR,US,INFO,条件確認待ち,buy_zone_master,basis status
2026-07-13T19:42:46.428158+09:00,D03_buy_alert,AXTI,US,INFO,価格スケール確認待ち,buy_zone_master,basis status
2026-07-13T19:42:46.428162+09:00,D03_buy_alert,COHR,US,INFO,価格スケール確認待ち,buy_zone_master,basis status
2026-07-13T19:42:46.428165+09:00,D03_buy_alert,OPTX,US,INFO,価格スケール確認待ち,buy_zone_master,basis status
2026-07-14T15:37:55.608898+09:00,D03_buy_alert,EWY,US,INFO,価格スケール確認待ち,buy_zone_master,basis status
2026-07-14T15:37:55.608917+09:00,D03_buy_alert,PL,US,INFO,価格スケール確認待ち,buy_zone_master,basis status
2026-07-14T15:37:55.608924+09:00,D03_buy_alert,MSTR,US,INFO,条件確認待ち,buy_zone_master,basis status
2026-07-14T15:37:55.608930+09:00,D03_buy_alert,AXTI,US,INFO,価格スケール確認待ち,buy_zone_master,basis status
2026-07-14T15:37:55.608935+09:00,D03_buy_alert,COHR,US,INFO,価格スケール確認待ち,buy_zone_master,basis status
2026-07-14T15:37:55.608940+09:00,D03_buy_alert,OPTX,US,INFO,価格スケール確認待ち,buy_zone_master,basis status
2026-07-15T16:23:32.907461+09:00,D03_buy_alert,EWY,US,INFO,価格スケール確認待ち,buy_zone_master,basis status
2026-07-15T16:23:32.907480+09:00,D03_buy_alert,PL,US,INFO,価格スケール確認待ち,buy_zone_master,basis status
2026-07-15T16:23:32.907487+09:00,D03_buy_alert,MSTR,US,INFO,条件確認待ち,buy_zone_master,basis status
2026-07-15T16:23:32.907492+09:00,D03_buy_alert,AXTI,US,INFO,価格スケール確認待ち,buy_zone_master,basis status
2026-07-15T16:23:32.907496+09:00,D03_buy_alert,COHR,US,INFO,価格スケール確認待ち,buy_zone_master,basis status
2026-07-15T16:23:32.907501+09:00,D03_buy_alert,OPTX,US,INFO,価格スケール確認待ち,buy_zone_master,basis status
2026-07-16T16:33:07.308771+09:00,D03_buy_alert,EWY,US,INFO,価格スケール確認待ち,buy_zone_master,basis status
2026-07-16T16:33:07.308802+09:00,D03_buy_alert,PL,US,INFO,価格スケール確認待ち,buy_zone_master,basis status
2026-07-16T16:33:07.308810+09:00,D03_buy_alert,MSTR,US,INFO,条件確認待ち,buy_zone_master,basis status
2026-07-16T16:33:07.308815+09:00,D03_buy_alert,AXTI,US,INFO,価格スケール確認待ち,buy_zone_master,basis status
2026-07-16T16:33:07.308820+09:00,D03_buy_alert,COHR,US,INFO,価格スケール確認待ち,buy_zone_master,basis status
2026-07-16T16:33:07.308826+09:00,D03_buy_alert,OPTX,US,INFO,価格スケール確認待ち,buy_zone_master,basis status
2026-07-17T16:30:09.299235+09:00,D03_buy_alert,EWY,US,INFO,価格スケール確認待ち,buy_zone_master,basis status
2026-07-17T16:30:09.299270+09:00,D03_buy_alert,PL,US,INFO,価格スケール確認待ち,buy_zone_master,basis status
2026-07-17T16:30:09.299277+09:00,D03_buy_alert,MSTR,US,INFO,条件確認待ち,buy_zone_master,basis status
2026-07-17T16:30:09.299283+09:00,D03_buy_alert,AXTI,US,INFO,価格スケール確認待ち,buy_zone_master,basis status
2026-07-17T16:30:09.299287+09:00,D03_buy_alert,COHR,US,INFO,価格スケール確認待ち,buy_zone_master,basis status
2026-07-17T16:30:09.299292+09:00,D03_buy_alert,OPTX,US,INFO,価格スケール確認待ち,buy_zone_master,basis status
2026-07-18T15:28:15.884955+09:00,W04_tv_ratings,AVAV,US,INFO,tv_ratings,TV_FULL,mode=missing; status=skipped_recent_or_not_due; stale_days=14; 今回は再取得対象外。保存済みTradingView情報を使用。
2026-07-18T15:28:15.884979+09:00,W04_tv_ratings,AXON,US,INFO,tv_ratings,TV_FULL,mode=missing; status=skipped_recent_or_not_due; stale_days=14; 今回は再取得対象外。保存済みTradingView情報を使用。
2026-07-18T15:28:15.884986+09:00,W04_tv_ratings,AUR,US,INFO,tv_ratings,TV_FULL,mode=missing; status=skipped_recent_or_not_due; stale_days=14; 今回は再取得対象外。保存済みTradingView情報を使用。
2026-07-18T15:28:15.884992+09:00,W04_tv_ratings,TMDX,US,INFO,tv_ratings,TV_FULL,mode=missing; status=skipped_recent_or_not_due; stale_days=14; 今回は再取得対象外。保存済みTradingView情報を使用。
2026-07-18T15:28:15.884998+09:00,W04_tv_ratings,NOW,US,INFO,tv_ratings,TV_FULL,mode=missing; status=skipped_recent_or_not_due; stale_days=14; 今回は再取得対象外。保存済みTradingView情報を使用。
2026-07-18T15:28:15.885004+09:00,W04_tv_ratings,RDW,US,INFO,tv_ratings,TV_FULL,mode=missing; status=skipped_recent_or_not_due; stale_days=14; 今回は再取得対象外。保存済みTradingView情報を使用。
2026-07-18T15:28:15.885049+09:00,W04_tv_ratings,TRMB,US,INFO,tv_ratings,TV_FULL,mode=missing; status=skipped_recent_or_not_due; stale_days=14; 今回は再取得対象外。保存済みTradingView情報を使用。
2026-07-18T15:28:15.885059+09:00,W04_tv_ratings,VEEV,US,INFO,tv_ratings,TV_FULL,mode=missing; status=skipped_recent_or_not_due; stale_days=14; 今回は再取得対象外。保存済みTradingView情報を使用。
2026-07-18T15:28:15.885067+09:00,W04_tv_ratings,PYPL,US,INFO,tv_ratings,TV_FULL,mode=missing; status=skipped_recent_or_not_due; stale_days=14; 今回は再取得対象外。保存済みTradingView情報を使用。
2026-07-18T15:28:15.885073+09:00,W04_tv_ratings,TEM,US,INFO,tv_ratings,TV_FULL,mode=missing; status=skipped_recent_or_not_due; stale_days=14; 今回は再取得対象外。保存済みTradingView情報を使用。
2026-07-18T15:28:15.885079+09:00,W04_tv_ratings,FICO,US,INFO,tv_ratings,TV_FULL,mode=missing; status=skipped_recent_or_not_due; stale_days=14; 今回は再取得対象外。保存済みTradingView情報を使用。
2026-07-18T15:28:15.885084+09:00,W04_tv_ratings,AAOI,US,INFO,tv_ratings,TV_FULL,mode=missing; status=skipped_recent_or_not_due; stale_days=14; 今回は再取得対象外。保存済みTradingView情報を使用。
2026-07-18T15:28:15.885089+09:00,W04_tv_ratings,OUST,US,INFO,tv_ratings,TV_FULL,mode=missing; status=skipped_recent_or_not_due; stale_days=14; 今回は再取得対象外。保存済みTradingView情報を使用。
2026-07-18T15:28:15.885095+09:00,W04_tv_ratings,APH,US,INFO,tv_ratings,TV_FULL,mode=missing; status=skipped_recent_or_not_due; stale_days=14; 今回は再取得対象外。保存済みTradingView情報を使用。
2026-07-18T15:28:15.885100+09:00,W04_tv_ratings,ASPI,US,INFO,tv_ratings,TV_FULL,mode=missing; status=skipped_recent_or_not_due; stale_days=14; 今回は再取得対象外。保存済みTradingView情報を使用。
2026-07-18T15:28:15.885105+09:00,W04_tv_ratings,NBIS,US,INFO,tv_ratings,TV_FULL,mode=missing; status=skipped_recent_or_not_due; stale_days=14; 今回は再取得対象外。保存済みTradingView情報を使用。
2026-07-18T15:28:15.885110+09:00,W04_tv_ratings,ISRG,US,INFO,tv_ratings,TV_FULL,mode=missing; status=skipped_recent_or_not_due; stale_days=14; 今回は再取得対象外。保存済みTradingView情報を使用。
2026-07-18T15:28:15.885116+09:00,W04_tv_ratings,SPGI,US,INFO,tv_ratings,TV_FULL,mode=missing; status=skipped_recent_or_not_due; stale_days=14; 今回は再取得対象外。保存済みTradingView情報を使用。
2026-07-18T15:28:15.885121+09:00,W04_tv_ratings,MELI,US,INFO,tv_ratings,TV_FULL,mode=missing; status=skipped_recent_or_not_due; stale_days=14; 今回は再取得対象外。保存済みTradingView情報を使用。
2026-07-18T15:28:15.885127+09:00,W04_tv_ratings,TMO,US,INFO,tv_ratings,TV_FULL,mode=missing; status=skipped_recent_or_not_due; stale_days=14; 今回は再取得対象外。保存済みTradingView情報を使用。
2026-07-18T15:28:15.885153+09:00,W04_tv_ratings,META,US,INFO,tv_ratings,TV_FULL,mode=missing; status=skipped_recent_or_not_due; stale_days=14; 今回は再取得対象外。保存済みTradingView情報を使用。
2026-07-18T15:28:15.885163+09:00,W04_tv_ratings,IONQ,US,INFO,tv_ratings,TV_FULL,mode=missing; status=skipped_recent_or_not_due; stale_days=14; 今回は再取得対象外。保存済みTradingView情報を使用。
2026-07-18T15:28:15.885170+09:00,W04_tv_ratings,RGTI,US,INFO,tv_ratings,TV_FULL,mode=missing; status=skipped_recent_or_not_due; stale_days=14; 今回は再取得対象外。保存済みTradingView情報を使用。
2026-07-18T15:28:15.885179+09:00,W04_tv_ratings,SDGR,US,INFO,tv_ratings,TV_FULL,mode=missing; status=skipped_recent_or_not_due; stale_days=14; 今回は再取得対象外。保存済みTradingView情報を使用。
2026-07-18T15:28:15.885188+09:00,W04_tv_ratings,RXRX,US,INFO,tv_ratings,TV_FULL,mode=missing; status=skipped_recent_or_not_due; stale_days=14; 今回は再取得対象外。保存済みTradingView情報を使用。
2026-07-18T15:28:15.885193+09:00,W04_tv_ratings,QCOM,US,INFO,tv_ratings,TV_FULL,mode=missing; status=skipped_recent_or_not_due; stale_days=14; 今回は再取得対象外。保存済みTradingView情報を使用。
2026-07-18T15:28:15.885199+09:00,W04_tv_ratings,HSAI,US,INFO,tv_ratings,TV_FULL,mode=missing; status=skipped_recent_or_not_due; stale_days=14; 今回は再取得対象外。保存済みTradingView情報を使用。
2026-07-18T15:28:15.885204+09:00,W04_tv_ratings,PL,US,INFO,tv_ratings,TV_FULL,mode=missing; status=skipped_recent_or_not_due; stale_days=14; 今回は再取得対象外。保存済みTradingView情報を使用。
2026-07-18T15:28:15.885209+09:00,W04_tv_ratings,V,US,INFO,tv_ratings,TV_FULL,mode=missing; status=skipped_recent_or_not_due; stale_days=14; 今回は再取得対象外。保存済みTradingView情報を使用。
2026-07-18T15:28:15.885214+09:00,W04_tv_ratings,VRTX,US,INFO,tv_ratings,TV_FULL,mode=missing; status=skipped_recent_or_not_due; stale_days=14; 今回は再取得対象外。保存済みTradingView情報を使用。
2026-07-18T15:28:15.885219+09:00,W04_tv_ratings,DIS,US,INFO,tv_ratings,TV_FULL,mode=missing; status=skipped_recent_or_not_due; stale_days=14; 今回は再取得対象外。保存済みTradingView情報を使用。
2026-07-18T15:28:15.885224+09:00,W04_tv_ratings,KVYO,US,INFO,tv_ratings,TV_FULL,mode=missing; status=skipped_recent_or_not_due; stale_days=14; 今回は再取得対象外。保存済みTradingView情報を使用。
2026-07-18T15:28:15.885229+09:00,W04_tv_ratings,DKNG,US,INFO,tv_ratings,TV_FULL,mode=missing; status=skipped_recent_or_not_due; stale_days=14; 今回は再取得対象外。保存済みTradingView情報を使用。
2026-07-18T15:28:15.885235+09:00,W04_tv_ratings,CRSP,US,INFO,tv_ratings,TV_FULL,mode=missing; status=skipped_recent_or_not_due; stale_days=14; 今回は再取得対象外。保存済みTradingView情報を使用。
2026-07-18T15:28:15.885240+09:00,W04_tv_ratings,BEAM,US,INFO,tv_ratings,TV_FULL,mode=missing; status=skipped_recent_or_not_due; stale_days=14; 今回は再取得対象外。保存済みTradingView情報を使用。
2026-07-18T15:28:15.885245+09:00,W04_tv_ratings,ETN,US,INFO,tv_ratings,TV_FULL,mode=missing; status=skipped_recent_or_not_due; stale_days=14; 今回は再取得対象外。保存済みTradingView情報を使用。
2026-07-18T15:28:15.885251+09:00,W04_tv_ratings,MSTR,US,INFO,tv_ratings,TV_FULL,mode=missing; status=skipped_recent_or_not_due; stale_days=14; 今回は再取得対象外。保存済みTradingView情報を使用。
2026-07-18T15:28:15.885256+09:00,W04_tv_ratings,POET,US,INFO,tv_ratings,TV_FULL,mode=missing; status=skipped_recent_or_not_due; stale_days=14; 今回は再取得対象外。保存済みTradingView情報を使用。
2026-07-18T15:28:15.885281+09:00,W04_tv_ratings,KITT,US,WARN,tv_ratings,TV_PARTIAL,mode=missing; status=kept_previous_tv_partial; stale_days=21; 今回未取得のため前回TV_PARTIALを保持。https://www.tradingview.com/symbols/NASDAQ-KITT/forecast/: HTTP Error 404: Not Found / https://www.tradingview.com/symbols/NASDAQ-KITT/forecast-price-target/: HTTP Error 404: Not Found
2026-07-18T15:28:15.885291+09:00,W04_tv_ratings,AXTI,US,INFO,tv_ratings,TV_FULL,mode=missing; status=skipped_recent_or_not_due; stale_days=14; 今回は再取得対象外。保存済みTradingView情報を使用。
2026-07-18T15:28:15.885296+09:00,W04_tv_ratings,COHR,US,INFO,tv_ratings,TV_FULL,mode=missing; status=skipped_recent_or_not_due; stale_days=14; 今回は再取得対象外。保存済みTradingView情報を使用。
2026-07-18T15:28:15.885302+09:00,W04_tv_ratings,ANET,US,INFO,tv_ratings,TV_FULL,mode=missing; status=skipped_recent_or_not_due; stale_days=14; 今回は再取得対象外。保存済みTradingView情報を使用。
2026-07-18T15:28:15.885307+09:00,W04_tv_ratings,DDOG,US,INFO,tv_ratings,TV_FULL,mode=missing; status=skipped_recent_or_not_due; stale_days=14; 今回は再取得対象外。保存済みTradingView情報を使用。
2026-07-18T15:28:15.885312+09:00,W04_tv_ratings,SNOW,US,INFO,tv_ratings,TV_FULL,mode=missing; status=skipped_recent_or_not_due; stale_days=14; 今回は再取得対象外。保存済みTradingView情報を使用。
2026-07-18T15:28:15.885317+09:00,W04_tv_ratings,OPTX,US,WARN,tv_ratings,TV_PARTIAL,mode=missing; status=kept_previous_tv_partial; stale_days=21; 今回未取得のため前回TV_PARTIALを保持。https://www.tradingview.com/symbols/NASDAQ-OPTX/forecast/: HTTP Error 404: Not Found / https://www.tradingview.com/symbols/NASDAQ-OPTX/forecast-price-target/: HTTP Error 404: Not Found
2026-07-18T15:28:15.885325+09:00,W04_tv_ratings,AEM,US,INFO,tv_ratings,TV_FULL,mode=missing; status=skipped_recent_or_not_due; stale_days=14; 今回は再取得対象外。保存済みTradingView情報を使用。
2026-07-18T15:28:15.885329+09:00,W04_tv_ratings,ZETA,US,INFO,tv_ratings,TV_FULL,mode=missing; status=skipped_recent_or_not_due; stale_days=14; 今回は再取得対象外。保存済みTradingView情報を使用。
2026-07-20T19:25:16.088774+09:00,D03_buy_alert,EWY,US,INFO,価格スケール確認待ち,buy_zone_master,basis status
2026-07-20T19:25:16.088798+09:00,D03_buy_alert,PL,US,INFO,価格スケール確認待ち,buy_zone_master,basis status
2026-07-20T19:25:16.088805+09:00,D03_buy_alert,MSTR,US,INFO,条件確認待ち,buy_zone_master,basis status
2026-07-20T19:25:16.088811+09:00,D03_buy_alert,AXTI,US,INFO,価格スケール確認待ち,buy_zone_master,basis status
2026-07-20T19:25:16.088816+09:00,D03_buy_alert,COHR,US,INFO,価格スケール確認待ち,buy_zone_master,basis status
2026-07-20T19:25:16.088821+09:00,D03_buy_alert,OPTX,US,INFO,価格スケール確認待ち,buy_zone_master,basis status
2026-07-21T16:57:10.648855+09:00,D03_buy_alert,EWY,US,INFO,価格スケール確認待ち,buy_zone_master,basis status
2026-07-21T16:57:10.648893+09:00,D03_buy_alert,PL,US,INFO,価格スケール確認待ち,buy_zone_master,basis status
2026-07-21T16:57:10.648901+09:00,D03_buy_alert,MSTR,US,INFO,条件確認待ち,buy_zone_master,basis status
2026-07-21T16:57:10.648907+09:00,D03_buy_alert,AXTI,US,INFO,価格スケール確認待ち,buy_zone_master,basis status
2026-07-21T16:57:10.648913+09:00,D03_buy_alert,COHR,US,INFO,価格スケール確認待ち,buy_zone_master,basis status
2026-07-21T16:57:10.648919+09:00,D03_buy_alert,OPTX,US,INFO,価格スケール確認待ち,buy_zone_master,basis status
2026-07-22T16:56:46.583985+09:00,D03_buy_alert,EWY,US,INFO,価格スケール確認待ち,buy_zone_master,basis status
2026-07-22T16:56:46.584001+09:00,D03_buy_alert,PL,US,INFO,価格スケール確認待ち,buy_zone_master,basis status
2026-07-22T16:56:46.584007+09:00,D03_buy_alert,MSTR,US,INFO,条件確認待ち,buy_zone_master,basis status
2026-07-22T16:56:46.584012+09:00,D03_buy_alert,AXTI,US,INFO,価格スケール確認待ち,buy_zone_master,basis status
2026-07-22T16:56:46.584016+09:00,D03_buy_alert,COHR,US,INFO,価格スケール確認待ち,buy_zone_master,basis status
2026-07-22T16:56:46.584020+09:00,D03_buy_alert,OPTX,US,INFO,価格スケール確認待ち,buy_zone_master,basis status
2026-07-23T17:00:02.875910+09:00,D03_buy_alert,EWY,US,INFO,価格スケール確認待ち,buy_zone_master,basis status
2026-07-23T17:00:02.875930+09:00,D03_buy_alert,PL,US,INFO,価格スケール確認待ち,buy_zone_master,basis status
2026-07-23T17:00:02.875936+09:00,D03_buy_alert,MSTR,US,INFO,条件確認待ち,buy_zone_master,basis status
2026-07-23T17:00:02.875941+09:00,D03_buy_alert,AXTI,US,INFO,価格スケール確認待ち,buy_zone_master,basis status
2026-07-23T17:00:02.875946+09:00,D03_buy_alert,COHR,US,INFO,価格スケール確認待ち,buy_zone_master,basis status
2026-07-23T17:00:02.875950+09:00,D03_buy_alert,OPTX,US,INFO,価格スケール確認待ち,buy_zone_master,basis status
2026-07-24T16:56:59.404368+09:00,D03_buy_alert,EWY,US,INFO,価格スケール確認待ち,buy_zone_master,basis status
2026-07-24T16:56:59.404401+09:00,D03_buy_alert,PL,US,INFO,価格スケール確認待ち,buy_zone_master,basis status
2026-07-24T16:56:59.404410+09:00,D03_buy_alert,MSTR,US,INFO,条件確認待ち,buy_zone_master,basis status
2026-07-24T16:56:59.404417+09:00,D03_buy_alert,AXTI,US,INFO,価格スケール確認待ち,buy_zone_master,basis status
2026-07-24T16:56:59.404423+09:00,D03_buy_alert,COHR,US,INFO,価格スケール確認待ち,buy_zone_master,basis status
2026-07-24T16:56:59.404429+09:00,D03_buy_alert,OPTX,US,INFO,価格スケール確認待ち,buy_zone_master,basis status
2026-07-25T15:41:44.327902+09:00,W04_tv_ratings,AVAV,US,INFO,tv_ratings,TV_FULL,mode=missing; status=skipped_recent_or_not_due; stale_days=21; 今回は再取得対象外。保存済みTradingView情報を使用。
2026-07-25T15:41:44.327931+09:00,W04_tv_ratings,AXON,US,INFO,tv_ratings,TV_FULL,mode=missing; status=skipped_recent_or_not_due; stale_days=21; 今回は再取得対象外。保存済みTradingView情報を使用。
2026-07-25T15:41:44.327939+09:00,W04_tv_ratings,AUR,US,INFO,tv_ratings,TV_FULL,mode=missing; status=skipped_recent_or_not_due; stale_days=21; 今回は再取得対象外。保存済みTradingView情報を使用。
2026-07-25T15:41:44.327946+09:00,W04_tv_ratings,TMDX,US,INFO,tv_ratings,TV_FULL,mode=missing; status=skipped_recent_or_not_due; stale_days=21; 今回は再取得対象外。保存済みTradingView情報を使用。
2026-07-25T15:41:44.327959+09:00,W04_tv_ratings,NOW,US,INFO,tv_ratings,TV_FULL,mode=missing; status=skipped_recent_or_not_due; stale_days=21; 今回は再取得対象外。保存済みTradingView情報を使用。
2026-07-25T15:41:44.327972+09:00,W04_tv_ratings,RDW,US,INFO,tv_ratings,TV_FULL,mode=missing; status=skipped_recent_or_not_due; stale_days=21; 今回は再取得対象外。保存済みTradingView情報を使用。
2026-07-25T15:41:44.327985+09:00,W04_tv_ratings,TRMB,US,INFO,tv_ratings,TV_FULL,mode=missing; status=skipped_recent_or_not_due; stale_days=21; 今回は再取得対象外。保存済みTradingView情報を使用。
2026-07-25T15:41:44.327999+09:00,W04_tv_ratings,VEEV,US,INFO,tv_ratings,TV_FULL,mode=missing; status=skipped_recent_or_not_due; stale_days=21; 今回は再取得対象外。保存済みTradingView情報を使用。
2026-07-25T15:41:44.328015+09:00,W04_tv_ratings,PYPL,US,INFO,tv_ratings,TV_FULL,mode=missing; status=skipped_recent_or_not_due; stale_days=21; 今回は再取得対象外。保存済みTradingView情報を使用。
2026-07-25T15:41:44.328025+09:00,W04_tv_ratings,TEM,US,INFO,tv_ratings,TV_FULL,mode=missing; status=skipped_recent_or_not_due; stale_days=21; 今回は再取得対象外。保存済みTradingView情報を使用。
2026-07-25T15:41:44.328032+09:00,W04_tv_ratings,FICO,US,INFO,tv_ratings,TV_FULL,mode=missing; status=skipped_recent_or_not_due; stale_days=21; 今回は再取得対象外。保存済みTradingView情報を使用。
2026-07-25T15:41:44.328038+09:00,W04_tv_ratings,AAOI,US,INFO,tv_ratings,TV_FULL,mode=missing; status=skipped_recent_or_not_due; stale_days=21; 今回は再取得対象外。保存済みTradingView情報を使用。
2026-07-25T15:41:44.328044+09:00,W04_tv_ratings,OUST,US,INFO,tv_ratings,TV_FULL,mode=missing; status=skipped_recent_or_not_due; stale_days=21; 今回は再取得対象外。保存済みTradingView情報を使用。
2026-07-25T15:41:44.328050+09:00,W04_tv_ratings,APH,US,INFO,tv_ratings,TV_FULL,mode=missing; status=skipped_recent_or_not_due; stale_days=21; 今回は再取得対象外。保存済みTradingView情報を使用。
2026-07-25T15:41:44.328055+09:00,W04_tv_ratings,ASPI,US,INFO,tv_ratings,TV_FULL,mode=missing; status=skipped_recent_or_not_due; stale_days=21; 今回は再取得対象外。保存済みTradingView情報を使用。
2026-07-25T15:41:44.328061+09:00,W04_tv_ratings,NBIS,US,INFO,tv_ratings,TV_FULL,mode=missing; status=skipped_recent_or_not_due; stale_days=21; 今回は再取得対象外。保存済みTradingView情報を使用。
2026-07-25T15:41:44.328067+09:00,W04_tv_ratings,ISRG,US,INFO,tv_ratings,TV_FULL,mode=missing; status=skipped_recent_or_not_due; stale_days=21; 今回は再取得対象外。保存済みTradingView情報を使用。
2026-07-25T15:41:44.328072+09:00,W04_tv_ratings,SPGI,US,INFO,tv_ratings,TV_FULL,mode=missing; status=skipped_recent_or_not_due; stale_days=21; 今回は再取得対象外。保存済みTradingView情報を使用。
2026-07-25T15:41:44.328078+09:00,W04_tv_ratings,MELI,US,INFO,tv_ratings,TV_FULL,mode=missing; status=skipped_recent_or_not_due; stale_days=21; 今回は再取得対象外。保存済みTradingView情報を使用。
2026-07-25T15:41:44.328083+09:00,W04_tv_ratings,TMO,US,INFO,tv_ratings,TV_FULL,mode=missing; status=skipped_recent_or_not_due; stale_days=21; 今回は再取得対象外。保存済みTradingView情報を使用。
2026-07-25T15:41:44.328089+09:00,W04_tv_ratings,META,US,INFO,tv_ratings,TV_FULL,mode=missing; status=skipped_recent_or_not_due; stale_days=21; 今回は再取得対象外。保存済みTradingView情報を使用。
2026-07-25T15:41:44.328098+09:00,W04_tv_ratings,IONQ,US,INFO,tv_ratings,TV_FULL,mode=missing; status=skipped_recent_or_not_due; stale_days=21; 今回は再取得対象外。保存済みTradingView情報を使用。
2026-07-25T15:41:44.328103+09:00,W04_tv_ratings,RGTI,US,INFO,tv_ratings,TV_FULL,mode=missing; status=skipped_recent_or_not_due; stale_days=21; 今回は再取得対象外。保存済みTradingView情報を使用。
2026-07-25T15:41:44.328109+09:00,W04_tv_ratings,SDGR,US,INFO,tv_ratings,TV_FULL,mode=missing; status=skipped_recent_or_not_due; stale_days=21; 今回は再取得対象外。保存済みTradingView情報を使用。
2026-07-25T15:41:44.328114+09:00,W04_tv_ratings,RXRX,US,INFO,tv_ratings,TV_FULL,mode=missing; status=skipped_recent_or_not_due; stale_days=21; 今回は再取得対象外。保存済みTradingView情報を使用。
2026-07-25T15:41:44.328120+09:00,W04_tv_ratings,QCOM,US,INFO,tv_ratings,TV_FULL,mode=missing; status=skipped_recent_or_not_due; stale_days=21; 今回は再取得対象外。保存済みTradingView情報を使用。
2026-07-25T15:41:44.328125+09:00,W04_tv_ratings,HSAI,US,INFO,tv_ratings,TV_FULL,mode=missing; status=skipped_recent_or_not_due; stale_days=21; 今回は再取得対象外。保存済みTradingView情報を使用。
2026-07-25T15:41:44.328131+09:00,W04_tv_ratings,PL,US,INFO,tv_ratings,TV_FULL,mode=missing; status=skipped_recent_or_not_due; stale_days=21; 今回は再取得対象外。保存済みTradingView情報を使用。
2026-07-25T15:41:44.328136+09:00,W04_tv_ratings,V,US,INFO,tv_ratings,TV_FULL,mode=missing; status=skipped_recent_or_not_due; stale_days=21; 今回は再取得対象外。保存済みTradingView情報を使用。
2026-07-25T15:41:44.328142+09:00,W04_tv_ratings,VRTX,US,INFO,tv_ratings,TV_FULL,mode=missing; status=skipped_recent_or_not_due; stale_days=21; 今回は再取得対象外。保存済みTradingView情報を使用。
2026-07-25T15:41:44.328147+09:00,W04_tv_ratings,DIS,US,INFO,tv_ratings,TV_FULL,mode=missing; status=skipped_recent_or_not_due; stale_days=21; 今回は再取得対象外。保存済みTradingView情報を使用。
2026-07-25T15:41:44.328153+09:00,W04_tv_ratings,KVYO,US,INFO,tv_ratings,TV_FULL,mode=missing; status=skipped_recent_or_not_due; stale_days=21; 今回は再取得対象外。保存済みTradingView情報を使用。
2026-07-25T15:41:44.328158+09:00,W04_tv_ratings,DKNG,US,INFO,tv_ratings,TV_FULL,mode=missing; status=skipped_recent_or_not_due; stale_days=21; 今回は再取得対象外。保存済みTradingView情報を使用。
2026-07-25T15:41:44.328164+09:00,W04_tv_ratings,CRSP,US,INFO,tv_ratings,TV_FULL,mode=missing; status=skipped_recent_or_not_due; stale_days=21; 今回は再取得対象外。保存済みTradingView情報を使用。
2026-07-25T15:41:44.328169+09:00,W04_tv_ratings,BEAM,US,INFO,tv_ratings,TV_FULL,mode=missing; status=skipped_recent_or_not_due; stale_days=21; 今回は再取得対象外。保存済みTradingView情報を使用。
2026-07-25T15:41:44.328175+09:00,W04_tv_ratings,ETN,US,INFO,tv_ratings,TV_FULL,mode=missing; status=skipped_recent_or_not_due; stale_days=21; 今回は再取得対象外。保存済みTradingView情報を使用。
2026-07-25T15:41:44.328180+09:00,W04_tv_ratings,MSTR,US,INFO,tv_ratings,TV_FULL,mode=missing; status=skipped_recent_or_not_due; stale_days=21; 今回は再取得対象外。保存済みTradingView情報を使用。
2026-07-25T15:41:44.328185+09:00,W04_tv_ratings,POET,US,INFO,tv_ratings,TV_FULL,mode=missing; status=skipped_recent_or_not_due; stale_days=21; 今回は再取得対象外。保存済みTradingView情報を使用。
2026-07-25T15:41:44.328215+09:00,W04_tv_ratings,KITT,US,WARN,tv_ratings,TV_PARTIAL,mode=missing; status=kept_previous_tv_partial; stale_days=28; 今回未取得のため前回TV_PARTIALを保持。https://www.tradingview.com/symbols/NASDAQ-KITT/forecast/: HTTP Error 404: Not Found / https://www.tradingview.com/symbols/NASDAQ-KITT/forecast-price-target/: HTTP Error 404: Not Found
2026-07-25T15:41:44.328227+09:00,W04_tv_ratings,AXTI,US,INFO,tv_ratings,TV_FULL,mode=missing; status=skipped_recent_or_not_due; stale_days=21; 今回は再取得対象外。保存済みTradingView情報を使用。
2026-07-25T15:41:44.328233+09:00,W04_tv_ratings,COHR,US,INFO,tv_ratings,TV_FULL,mode=missing; status=skipped_recent_or_not_due; stale_days=21; 今回は再取得対象外。保存済みTradingView情報を使用。
2026-07-25T15:41:44.328238+09:00,W04_tv_ratings,ANET,US,INFO,tv_ratings,TV_FULL,mode=missing; status=skipped_recent_or_not_due; stale_days=21; 今回は再取得対象外。保存済みTradingView情報を使用。
2026-07-25T15:41:44.328244+09:00,W04_tv_ratings,DDOG,US,INFO,tv_ratings,TV_FULL,mode=missing; status=skipped_recent_or_not_due; stale_days=21; 今回は再取得対象外。保存済みTradingView情報を使用。
2026-07-25T15:41:44.328249+09:00,W04_tv_ratings,SNOW,US,INFO,tv_ratings,TV_FULL,mode=missing; status=skipped_recent_or_not_due; stale_days=21; 今回は再取得対象外。保存済みTradingView情報を使用。
2026-07-25T15:41:44.328254+09:00,W04_tv_ratings,OPTX,US,WARN,tv_ratings,TV_PARTIAL,mode=missing; status=kept_previous_tv_partial; stale_days=28; 今回未取得のため前回TV_PARTIALを保持。https://www.tradingview.com/symbols/NASDAQ-OPTX/forecast/: HTTP Error 404: Not Found / https://www.tradingview.com/symbols/NASDAQ-OPTX/forecast-price-target/: HTTP Error 404: Not Found
2026-07-25T15:41:44.328262+09:00,W04_tv_ratings,AEM,US,INFO,tv_ratings,TV_FULL,mode=missing; status=skipped_recent_or_not_due; stale_days=21; 今回は再取得対象外。保存済みTradingView情報を使用。
2026-07-25T15:41:44.328268+09:00,W04_tv_ratings,ZETA,US,INFO,tv_ratings,TV_FULL,mode=missing; status=skipped_recent_or_not_due; stale_days=21; 今回は再取得対象外。保存済みTradingView情報を使用。
2026-07-27T19:58:12.102181+09:00,D03_buy_alert,EWY,US,INFO,価格スケール確認待ち,buy_zone_master,basis status
2026-07-27T19:58:12.102198+09:00,D03_buy_alert,PL,US,INFO,価格スケール確認待ち,buy_zone_master,basis status
2026-07-27T19:58:12.102204+09:00,D03_buy_alert,MSTR,US,INFO,条件確認待ち,buy_zone_master,basis status
2026-07-27T19:58:12.102209+09:00,D03_buy_alert,AXTI,US,INFO,価格スケール確認待ち,buy_zone_master,basis status
2026-07-27T19:58:12.102214+09:00,D03_buy_alert,COHR,US,INFO,価格スケール確認待ち,buy_zone_master,basis status
2026-07-27T19:58:12.102219+09:00,D03_buy_alert,OPTX,US,INFO,価格スケール確認待ち,buy_zone_master,basis status
2026-07-28T09:03:20.239886+09:00,D03_buy_alert,EWY,US,INFO,価格スケール確認待ち,buy_zone_master,basis status
2026-07-28T09:03:20.239911+09:00,D03_buy_alert,PL,US,INFO,価格スケール確認待ち,buy_zone_master,basis status
2026-07-28T09:03:20.239918+09:00,D03_buy_alert,MSTR,US,INFO,条件確認待ち,buy_zone_master,basis status
2026-07-28T09:03:20.239923+09:00,D03_buy_alert,AXTI,US,INFO,価格スケール確認待ち,buy_zone_master,basis status
2026-07-28T09:03:20.239928+09:00,D03_buy_alert,COHR,US,INFO,価格スケール確認待ち,buy_zone_master,basis status
2026-07-28T09:03:20.239932+09:00,D03_buy_alert,OPTX,US,INFO,価格スケール確認待ち,buy_zone_master,basis status
2026-07-29T08:58:30.224521+09:00,D03_buy_alert,EWY,US,INFO,価格スケール確認待ち,buy_zone_master,basis status
2026-07-29T08:58:30.224540+09:00,D03_buy_alert,PL,US,INFO,価格スケール確認待ち,buy_zone_master,basis status
2026-07-29T08:58:30.224546+09:00,D03_buy_alert,MSTR,US,INFO,条件確認待ち,buy_zone_master,basis status
2026-07-29T08:58:30.224551+09:00,D03_buy_alert,AXTI,US,INFO,価格スケール確認待ち,buy_zone_master,basis status
2026-07-29T08:58:30.224556+09:00,D03_buy_alert,COHR,US,INFO,価格スケール確認待ち,buy_zone_master,basis status
2026-07-29T08:58:30.224560+09:00,D03_buy_alert,OPTX,US,INFO,価格スケール確認待ち,buy_zone_master,basis status
2026-07-30T09:00:34.931941+09:00,D03_buy_alert,EWY,US,INFO,価格スケール確認待ち,buy_zone_master,basis status
2026-07-30T09:00:34.931960+09:00,D03_buy_alert,PL,US,INFO,価格スケール確認待ち,buy_zone_master,basis status
2026-07-30T09:00:34.931967+09:00,D03_buy_alert,MSTR,US,INFO,条件確認待ち,buy_zone_master,basis status
2026-07-30T09:00:34.931972+09:00,D03_buy_alert,AXTI,US,INFO,価格スケール確認待ち,buy_zone_master,basis status
2026-07-30T09:00:34.931977+09:00,D03_buy_alert,COHR,US,INFO,価格スケール確認待ち,buy_zone_master,basis status
2026-07-30T09:00:34.931982+09:00,D03_buy_alert,OPTX,US,INFO,価格スケール確認待ち,buy_zone_master,basis status
2026-07-31T09:03:02.460607+09:00,D03_buy_alert,EWY,US,INFO,価格スケール確認待ち,buy_zone_master,basis status
2026-07-31T09:03:02.460630+09:00,D03_buy_alert,PL,US,INFO,価格スケール確認待ち,buy_zone_master,basis status
2026-07-31T09:03:02.460636+09:00,D03_buy_alert,MSTR,US,INFO,条件確認待ち,buy_zone_master,basis status
2026-07-31T09:03:02.460640+09:00,D03_buy_alert,AXTI,US,INFO,価格スケール確認待ち,buy_zone_master,basis status
2026-07-31T09:03:02.460644+09:00,D03_buy_alert,COHR,US,INFO,価格スケール確認待ち,buy_zone_master,basis status
2026-07-31T09:03:02.460648+09:00,D03_buy_alert,OPTX,US,INFO,価格スケール確認待ち,buy_zone_master,basis status
2026-08-01T16:39:01.928025+09:00,W04_tv_ratings,AVAV,US,INFO,tv_ratings,TV_FULL,mode=monthly; status=forecast_page_ok; stale_days=0; 
2026-08-01T16:39:01.928048+09:00,W04_tv_ratings,AXON,US,INFO,tv_ratings,TV_FULL,mode=monthly; status=forecast_page_ok; stale_days=0; 
2026-08-01T16:39:01.928055+09:00,W04_tv_ratings,AUR,US,INFO,tv_ratings,TV_FULL,mode=monthly; status=forecast_page_ok; stale_days=0; 
2026-08-01T16:39:01.928062+09:00,W04_tv_ratings,TMDX,US,INFO,tv_ratings,TV_FULL,mode=monthly; status=forecast_page_ok; stale_days=0; 
2026-08-01T16:39:01.928066+09:00,W04_tv_ratings,NOW,US,INFO,tv_ratings,TV_FULL,mode=monthly; status=forecast_page_ok; stale_days=0; 
2026-08-01T16:39:01.928071+09:00,W04_tv_ratings,RDW,US,INFO,tv_ratings,TV_FULL,mode=monthly; status=forecast_page_ok; stale_days=0; 
2026-08-01T16:39:01.928075+09:00,W04_tv_ratings,TRMB,US,INFO,tv_ratings,TV_FULL,mode=monthly; status=forecast_page_ok; stale_days=0; 
2026-08-01T16:39:01.928082+09:00,W04_tv_ratings,VEEV,US,INFO,tv_ratings,TV_FULL,mode=monthly; status=forecast_page_ok; stale_days=0; 
2026-08-01T16:39:01.928090+09:00,W04_tv_ratings,PYPL,US,INFO,tv_ratings,TV_FULL,mode=monthly; status=forecast_page_ok; stale_days=0; 
2026-08-01T16:39:01.928095+09:00,W04_tv_ratings,TEM,US,INFO,tv_ratings,TV_FULL,mode=monthly; status=forecast_page_ok; stale_days=0; 
2026-08-01T16:39:01.928100+09:00,W04_tv_ratings,FICO,US,INFO,tv_ratings,TV_FULL,mode=monthly; status=forecast_page_ok; stale_days=0; 
2026-08-01T16:39:01.928104+09:00,W04_tv_ratings,AAOI,US,INFO,tv_ratings,TV_FULL,mode=monthly; status=forecast_page_ok; stale_days=0; 
2026-08-01T16:39:01.928108+09:00,W04_tv_ratings,OUST,US,INFO,tv_ratings,TV_FULL,mode=monthly; status=forecast_page_ok; stale_days=0; 
2026-08-01T16:39:01.928113+09:00,W04_tv_ratings,APH,US,INFO,tv_ratings,TV_FULL,mode=monthly; status=forecast_page_ok; stale_days=0; 
2026-08-01T16:39:01.928117+09:00,W04_tv_ratings,ASPI,US,INFO,tv_ratings,TV_FULL,mode=monthly; status=forecast_page_ok; stale_days=0; 
2026-08-01T16:39:01.928124+09:00,W04_tv_ratings,NBIS,US,INFO,tv_ratings,TV_FULL,mode=monthly; status=forecast_page_ok; stale_days=0; 
2026-08-01T16:39:01.928128+09:00,W04_tv_ratings,ISRG,US,INFO,tv_ratings,TV_FULL,mode=monthly; status=forecast_page_ok; stale_days=0; 
2026-08-01T16:39:01.928132+09:00,W04_tv_ratings,SPGI,US,INFO,tv_ratings,TV_FULL,mode=monthly; status=forecast_page_ok; stale_days=0; 
2026-08-01T16:39:01.928136+09:00,W04_tv_ratings,MELI,US,INFO,tv_ratings,TV_FULL,mode=monthly; status=forecast_page_ok; stale_days=0; 
2026-08-01T16:39:01.928141+09:00,W04_tv_ratings,TMO,US,INFO,tv_ratings,TV_FULL,mode=monthly; status=forecast_page_ok; stale_days=0; 
2026-08-01T16:39:01.928145+09:00,W04_tv_ratings,META,US,INFO,tv_ratings,TV_FULL,mode=monthly; status=forecast_page_ok; stale_days=0; 
2026-08-01T16:39:01.928150+09:00,W04_tv_ratings,IONQ,US,INFO,tv_ratings,TV_FULL,mode=monthly; status=forecast_page_ok; stale_days=0; 
2026-08-01T16:39:01.928154+09:00,W04_tv_ratings,RGTI,US,INFO,tv_ratings,TV_FULL,mode=monthly; status=forecast_page_ok; stale_days=0; 
2026-08-01T16:39:01.928159+09:00,W04_tv_ratings,SDGR,US,INFO,tv_ratings,TV_FULL,mode=monthly; status=forecast_page_ok; stale_days=0; 
2026-08-01T16:39:01.928163+09:00,W04_tv_ratings,RXRX,US,INFO,tv_ratings,TV_FULL,mode=monthly; status=forecast_page_ok; stale_days=0; 
2026-08-01T16:39:01.928167+09:00,W04_tv_ratings,QCOM,US,INFO,tv_ratings,TV_FULL,mode=monthly; status=forecast_page_ok; stale_days=0; 
2026-08-01T16:39:01.928171+09:00,W04_tv_ratings,HSAI,US,INFO,tv_ratings,TV_FULL,mode=monthly; status=forecast_page_ok; stale_days=0; 
2026-08-01T16:39:01.928175+09:00,W04_tv_ratings,PL,US,INFO,tv_ratings,TV_FULL,mode=monthly; status=forecast_page_ok; stale_days=0; 
2026-08-01T16:39:01.928180+09:00,W04_tv_ratings,V,US,INFO,tv_ratings,TV_FULL,mode=monthly; status=kept_previous_tv_full; stale_days=28; 今回TV_FULL未取得のため前回TV_FULL値を保持。attempt_quality=TV_MISSING; https://www.tradingview.com/symbols/NYSE-V/forecast/: HTTP Error 403: Forbidden / https://www.tradingview.com/symbols/NYSE-V/forecast-price-target/: HTTP Error 403: Forbidden
2026-08-01T16:39:01.928190+09:00,W04_tv_ratings,VRTX,US,INFO,tv_ratings,TV_FULL,mode=monthly; status=kept_previous_tv_full; stale_days=28; 今回TV_FULL未取得のため前回TV_FULL値を保持。attempt_quality=TV_MISSING; https://www.tradingview.com/symbols/NASDAQ-VRTX/forecast/: HTTP Error 403: Forbidden / https://www.tradingview.com/symbols/NASDAQ-VRTX/forecast-price-target/: HTTP Error 403: Forbidden
2026-08-01T16:39:01.928200+09:00,W04_tv_ratings,DIS,US,INFO,tv_ratings,TV_FULL,mode=monthly; status=kept_previous_tv_full; stale_days=28; 今回TV_FULL未取得のため前回TV_FULL値を保持。attempt_quality=TV_MISSING; https://www.tradingview.com/symbols/NYSE-DIS/forecast/: HTTP Error 403: Forbidden / https://www.tradingview.com/symbols/NYSE-DIS/forecast-price-target/: HTTP Error 403: Forbidden
2026-08-01T16:39:01.928209+09:00,W04_tv_ratings,KVYO,US,INFO,tv_ratings,TV_FULL,mode=monthly; status=kept_previous_tv_full; stale_days=28; 今回TV_FULL未取得のため前回TV_FULL値を保持。attempt_quality=TV_MISSING; https://www.tradingview.com/symbols/NYSE-KVYO/forecast/: HTTP Error 403: Forbidden / https://www.tradingview.com/symbols/NYSE-KVYO/forecast-price-target/: HTTP Error 403: Forbidden
2026-08-01T16:39:01.928218+09:00,W04_tv_ratings,DKNG,US,INFO,tv_ratings,TV_FULL,mode=monthly; status=kept_previous_tv_full; stale_days=28; 今回TV_FULL未取得のため前回TV_FULL値を保持。attempt_quality=TV_MISSING; https://www.tradingview.com/symbols/NASDAQ-DKNG/forecast/: HTTP Error 403: Forbidden / https://www.tradingview.com/symbols/NASDAQ-DKNG/forecast-price-target/: HTTP Error 403: Forbidden
2026-08-01T16:39:01.928226+09:00,W04_tv_ratings,CRSP,US,INFO,tv_ratings,TV_FULL,mode=monthly; status=kept_previous_tv_full; stale_days=28; 今回TV_FULL未取得のため前回TV_FULL値を保持。attempt_quality=TV_MISSING; https://www.tradingview.com/symbols/NASDAQ-CRSP/forecast/: HTTP Error 403: Forbidden / https://www.tradingview.com/symbols/NASDAQ-CRSP/forecast-price-target/: HTTP Error 403: Forbidden
2026-08-01T16:39:01.928235+09:00,W04_tv_ratings,BEAM,US,INFO,tv_ratings,TV_FULL,mode=monthly; status=kept_previous_tv_full; stale_days=28; 今回TV_FULL未取得のため前回TV_FULL値を保持。attempt_quality=TV_MISSING; https://www.tradingview.com/symbols/NASDAQ-BEAM/forecast/: HTTP Error 403: Forbidden / https://www.tradingview.com/symbols/NASDAQ-BEAM/forecast-price-target/: HTTP Error 403: Forbidden
2026-08-01T16:39:01.928244+09:00,W04_tv_ratings,ETN,US,INFO,tv_ratings,TV_FULL,mode=monthly; status=kept_previous_tv_full; stale_days=28; 今回TV_FULL未取得のため前回TV_FULL値を保持。attempt_quality=TV_MISSING; https://www.tradingview.com/symbols/NYSE-ETN/forecast/: HTTP Error 403: Forbidden / https://www.tradingview.com/symbols/NYSE-ETN/forecast-price-target/: HTTP Error 403: Forbidden
2026-08-01T16:39:01.928252+09:00,W04_tv_ratings,MSTR,US,INFO,tv_ratings,TV_FULL,mode=monthly; status=kept_previous_tv_full; stale_days=28; 今回TV_FULL未取得のため前回TV_FULL値を保持。attempt_quality=TV_MISSING; https://www.tradingview.com/symbols/NASDAQ-MSTR/forecast/: HTTP Error 403: Forbidden / https://www.tradingview.com/symbols/NASDAQ-MSTR/forecast-price-target/: HTTP Error 403: Forbidden
2026-08-01T16:39:01.928261+09:00,W04_tv_ratings,POET,US,INFO,tv_ratings,TV_FULL,mode=monthly; status=kept_previous_tv_full; stale_days=28; 今回TV_FULL未取得のため前回TV_FULL値を保持。attempt_quality=TV_MISSING; https://www.tradingview.com/symbols/NASDAQ-POET/forecast/: HTTP Error 403: Forbidden / https://www.tradingview.com/symbols/NASDAQ-POET/forecast-price-target/: HTTP Error 403: Forbidden
2026-08-01T16:39:01.928269+09:00,W04_tv_ratings,KITT,US,WARN,tv_ratings,TV_PARTIAL,mode=monthly; status=kept_previous_tv_partial; stale_days=35; 今回未取得のため前回TV_PARTIALを保持。https://www.tradingview.com/symbols/NASDAQ-KITT/forecast/: HTTP Error 403: Forbidden / https://www.tradingview.com/symbols/NASDAQ-KITT/forecast-price-target/: HTTP Error 403: Forbidden
2026-08-01T16:39:01.928303+09:00,W04_tv_ratings,AXTI,US,INFO,tv_ratings,TV_FULL,mode=monthly; status=kept_previous_tv_full; stale_days=28; 今回TV_FULL未取得のため前回TV_FULL値を保持。attempt_quality=TV_MISSING; https://www.tradingview.com/symbols/NASDAQ-AXTI/forecast/: HTTP Error 403: Forbidden / https://www.tradingview.com/symbols/NASDAQ-AXTI/forecast-price-target/: HTTP Error 403: Forbidden
2026-08-01T16:39:01.928313+09:00,W04_tv_ratings,COHR,US,INFO,tv_ratings,TV_FULL,mode=monthly; status=kept_previous_tv_full; stale_days=28; 今回TV_FULL未取得のため前回TV_FULL値を保持。attempt_quality=TV_MISSING; https://www.tradingview.com/symbols/NYSE-COHR/forecast/: HTTP Error 403: Forbidden / https://www.tradingview.com/symbols/NYSE-COHR/forecast-price-target/: HTTP Error 403: Forbidden
2026-08-01T16:39:01.928322+09:00,W04_tv_ratings,ANET,US,INFO,tv_ratings,TV_FULL,mode=monthly; status=kept_previous_tv_full; stale_days=28; 今回TV_FULL未取得のため前回TV_FULL値を保持。attempt_quality=TV_MISSING; https://www.tradingview.com/symbols/NYSE-ANET/forecast/: HTTP Error 403: Forbidden / https://www.tradingview.com/symbols/NYSE-ANET/forecast-price-target/: HTTP Error 403: Forbidden
2026-08-01T16:39:01.928330+09:00,W04_tv_ratings,DDOG,US,INFO,tv_ratings,TV_FULL,mode=monthly; status=kept_previous_tv_full; stale_days=28; 今回TV_FULL未取得のため前回TV_FULL値を保持。attempt_quality=TV_MISSING; https://www.tradingview.com/symbols/NASDAQ-DDOG/forecast/: HTTP Error 403: Forbidden / https://www.tradingview.com/symbols/NASDAQ-DDOG/forecast-price-target/: HTTP Error 403: Forbidden
2026-08-01T16:39:01.928366+09:00,W04_tv_ratings,SNOW,US,INFO,tv_ratings,TV_FULL,mode=monthly; status=kept_previous_tv_full; stale_days=28; 今回TV_FULL未取得のため前回TV_FULL値を保持。attempt_quality=TV_MISSING; https://www.tradingview.com/symbols/NYSE-SNOW/forecast/: HTTP Error 403: Forbidden / https://www.tradingview.com/symbols/NYSE-SNOW/forecast-price-target/: HTTP Error 403: Forbidden
2026-08-01T16:39:01.928383+09:00,W04_tv_ratings,OPTX,US,WARN,tv_ratings,TV_PARTIAL,mode=monthly; status=kept_previous_tv_partial; stale_days=35; 今回未取得のため前回TV_PARTIALを保持。https://www.tradingview.com/symbols/NASDAQ-OPTX/forecast/: HTTP Error 403: Forbidden / https://www.tradingview.com/symbols/NASDAQ-OPTX/forecast-price-target/: HTTP Error 403: Forbidden
2026-08-01T16:39:01.928398+09:00,W04_tv_ratings,AEM,US,INFO,tv_ratings,TV_FULL,mode=monthly; status=kept_previous_tv_full; stale_days=28; 今回TV_FULL未取得のため前回TV_FULL値を保持。attempt_quality=TV_MISSING; https://www.tradingview.com/symbols/NYSE-AEM/forecast/: HTTP Error 403: Forbidden / https://www.tradingview.com/symbols/NYSE-AEM/forecast-price-target/: HTTP Error 403: Forbidden
2026-08-01T16:39:01.928406+09:00,W04_tv_ratings,ZETA,US,INFO,tv_ratings,TV_FULL,mode=monthly; status=kept_previous_tv_full; stale_days=28; 今回TV_FULL未取得のため前回TV_FULL値を保持。attempt_quality=TV_MISSING; https://www.tradingview.com/symbols/NYSE-ZETA/forecast/: HTTP Error 403: Forbidden / https://www.tradingview.com/symbols/NYSE-ZETA/forecast-price-target/: HTTP Error 403: Forbidden
2026-08-03T08:59:13.486379+09:00,D03_buy_alert,EWY,US,INFO,価格スケール確認待ち,buy_zone_master,basis status
2026-08-03T08:59:13.486428+09:00,D03_buy_alert,PL,US,INFO,価格スケール確認待ち,buy_zone_master,basis status
2026-08-03T08:59:13.486436+09:00,D03_buy_alert,MSTR,US,INFO,条件確認待ち,buy_zone_master,basis status
2026-08-03T08:59:13.486441+09:00,D03_buy_alert,AXTI,US,INFO,価格スケール確認待ち,buy_zone_master,basis status
2026-08-03T08:59:13.486446+09:00,D03_buy_alert,COHR,US,INFO,価格スケール確認待ち,buy_zone_master,basis status
2026-08-03T08:59:13.486451+09:00,D03_buy_alert,OPTX,US,INFO,価格スケール確認待ち,buy_zone_master,basis status
2026-08-04T09:09:54.073961+09:00,D03_buy_alert,EWY,US,INFO,価格スケール確認待ち,buy_zone_master,basis status
2026-08-04T09:09:54.073986+09:00,D03_buy_alert,PL,US,INFO,価格スケール確認待ち,buy_zone_master,basis status
2026-08-04T09:09:54.073995+09:00,D03_buy_alert,MSTR,US,INFO,条件確認待ち,buy_zone_master,basis status
2026-08-04T09:09:54.074000+09:00,D03_buy_alert,AXTI,US,INFO,価格スケール確認待ち,buy_zone_master,basis status
2026-08-04T09:09:54.074005+09:00,D03_buy_alert,COHR,US,INFO,価格スケール確認待ち,buy_zone_master,basis status
2026-08-04T09:09:54.074009+09:00,D03_buy_alert,OPTX,US,INFO,価格スケール確認待ち,buy_zone_master,basis status
2026-08-05T09:03:45.626887+09:00,D03_buy_alert,EWY,US,INFO,価格スケール確認待ち,buy_zone_master,basis status
2026-08-05T09:03:45.626906+09:00,D03_buy_alert,PL,US,INFO,価格スケール確認待ち,buy_zone_master,basis status
2026-08-05T09:03:45.626912+09:00,D03_buy_alert,MSTR,US,INFO,条件確認待ち,buy_zone_master,basis status
2026-08-05T09:03:45.626917+09:00,D03_buy_alert,AXTI,US,INFO,価格スケール確認待ち,buy_zone_master,basis status
2026-08-05T09:03:45.626922+09:00,D03_buy_alert,COHR,US,INFO,価格スケール確認待ち,buy_zone_master,basis status
2026-08-05T09:03:45.626926+09:00,D03_buy_alert,OPTX,US,INFO,価格スケール確認待ち,buy_zone_master,basis status
2026-08-06T09:00:19.239820+09:00,D03_buy_alert,EWY,US,INFO,価格スケール確認待ち,buy_zone_master,basis status
2026-08-06T09:00:19.239841+09:00,D03_buy_alert,PL,US,INFO,価格スケール確認待ち,buy_zone_master,basis status
2026-08-06T09:00:19.239848+09:00,D03_buy_alert,MSTR,US,INFO,条件確認待ち,buy_zone_master,basis status
2026-08-06T09:00:19.239854+09:00,D03_buy_alert,AXTI,US,INFO,価格スケール確認待ち,buy_zone_master,basis status
2026-08-06T09:00:19.239858+09:00,D03_buy_alert,COHR,US,INFO,価格スケール確認待ち,buy_zone_master,basis status
2026-08-06T09:00:19.239863+09:00,D03_buy_alert,OPTX,US,INFO,価格スケール確認待ち,buy_zone_master,basis status
2026-08-07T10:41:53.894810+09:00,D03_buy_alert,EWY,US,INFO,価格スケール確認待ち,buy_zone_master,basis status
2026-08-07T10:41:53.894849+09:00,D03_buy_alert,PL,US,INFO,価格スケール確認待ち,buy_zone_master,basis status
2026-08-07T10:41:53.894858+09:00,D03_buy_alert,MSTR,US,INFO,条件確認待ち,buy_zone_master,basis status
2026-08-07T10:41:53.894862+09:00,D03_buy_alert,AXTI,US,INFO,価格スケール確認待ち,buy_zone_master,basis status
2026-08-07T10:41:53.894866+09:00,D03_buy_alert,COHR,US,INFO,価格スケール確認待ち,buy_zone_master,basis status
2026-08-07T10:41:53.894870+09:00,D03_buy_alert,OPTX,US,INFO,価格スケール確認待ち,buy_zone_master,basis status
2026-08-08T08:06:10.852234+09:00,W04_tv_ratings,AVAV,US,INFO,tv_ratings,TV_FULL,mode=missing; status=skipped_recent_or_not_due; stale_days=7; 今回は再取得対象外。保存済みTradingView情報を使用。
2026-08-08T08:06:10.852266+09:00,W04_tv_ratings,AXON,US,INFO,tv_ratings,TV_FULL,mode=missing; status=skipped_recent_or_not_due; stale_days=7; 今回は再取得対象外。保存済みTradingView情報を使用。
2026-08-08T08:06:10.852278+09:00,W04_tv_ratings,AUR,US,INFO,tv_ratings,TV_FULL,mode=missing; status=skipped_recent_or_not_due; stale_days=7; 今回は再取得対象外。保存済みTradingView情報を使用。
2026-08-08T08:06:10.852284+09:00,W04_tv_ratings,TMDX,US,INFO,tv_ratings,TV_FULL,mode=missing; status=skipped_recent_or_not_due; stale_days=7; 今回は再取得対象外。保存済みTradingView情報を使用。
2026-08-08T08:06:10.852291+09:00,W04_tv_ratings,NOW,US,INFO,tv_ratings,TV_FULL,mode=missing; status=skipped_recent_or_not_due; stale_days=7; 今回は再取得対象外。保存済みTradingView情報を使用。
2026-08-08T08:06:10.852297+09:00,W04_tv_ratings,RDW,US,INFO,tv_ratings,TV_FULL,mode=missing; status=skipped_recent_or_not_due; stale_days=7; 今回は再取得対象外。保存済みTradingView情報を使用。
2026-08-08T08:06:10.852303+09:00,W04_tv_ratings,TRMB,US,INFO,tv_ratings,TV_FULL,mode=missing; status=skipped_recent_or_not_due; stale_days=7; 今回は再取得対象外。保存済みTradingView情報を使用。
2026-08-08T08:06:10.852311+09:00,W04_tv_ratings,VEEV,US,INFO,tv_ratings,TV_FULL,mode=missing; status=skipped_recent_or_not_due; stale_days=7; 今回は再取得対象外。保存済みTradingView情報を使用。
2026-08-08T08:06:10.852320+09:00,W04_tv_ratings,PYPL,US,INFO,tv_ratings,TV_FULL,mode=missing; status=skipped_recent_or_not_due; stale_days=7; 今回は再取得対象外。保存済みTradingView情報を使用。
2026-08-08T08:06:10.852326+09:00,W04_tv_ratings,TEM,US,INFO,tv_ratings,TV_FULL,mode=missing; status=skipped_recent_or_not_due; stale_days=7; 今回は再取得対象外。保存済みTradingView情報を使用。
2026-08-08T08:06:10.852332+09:00,W04_tv_ratings,FICO,US,INFO,tv_ratings,TV_FULL,mode=missing; status=skipped_recent_or_not_due; stale_days=7; 今回は再取得対象外。保存済みTradingView情報を使用。
2026-08-08T08:06:10.852338+09:00,W04_tv_ratings,AAOI,US,INFO,tv_ratings,TV_FULL,mode=missing; status=skipped_recent_or_not_due; stale_days=7; 今回は再取得対象外。保存済みTradingView情報を使用。
2026-08-08T08:06:10.852344+09:00,W04_tv_ratings,OUST,US,INFO,tv_ratings,TV_FULL,mode=missing; status=skipped_recent_or_not_due; stale_days=7; 今回は再取得対象外。保存済みTradingView情報を使用。
2026-08-08T08:06:10.852350+09:00,W04_tv_ratings,APH,US,INFO,tv_ratings,TV_FULL,mode=missing; status=skipped_recent_or_not_due; stale_days=7; 今回は再取得対象外。保存済みTradingView情報を使用。
2026-08-08T08:06:10.852355+09:00,W04_tv_ratings,ASPI,US,INFO,tv_ratings,TV_FULL,mode=missing; status=skipped_recent_or_not_due; stale_days=7; 今回は再取得対象外。保存済みTradingView情報を使用。
2026-08-08T08:06:10.852361+09:00,W04_tv_ratings,NBIS,US,INFO,tv_ratings,TV_FULL,mode=missing; status=skipped_recent_or_not_due; stale_days=7; 今回は再取得対象外。保存済みTradingView情報を使用。
2026-08-08T08:06:10.852366+09:00,W04_tv_ratings,ISRG,US,INFO,tv_ratings,TV_FULL,mode=missing; status=skipped_recent_or_not_due; stale_days=7; 今回は再取得対象外。保存済みTradingView情報を使用。
2026-08-08T08:06:10.852371+09:00,W04_tv_ratings,SPGI,US,INFO,tv_ratings,TV_FULL,mode=missing; status=skipped_recent_or_not_due; stale_days=7; 今回は再取得対象外。保存済みTradingView情報を使用。
2026-08-08T08:06:10.852377+09:00,W04_tv_ratings,MELI,US,INFO,tv_ratings,TV_FULL,mode=missing; status=skipped_recent_or_not_due; stale_days=7; 今回は再取得対象外。保存済みTradingView情報を使用。
2026-08-08T08:06:10.852382+09:00,W04_tv_ratings,TMO,US,INFO,tv_ratings,TV_FULL,mode=missing; status=skipped_recent_or_not_due; stale_days=7; 今回は再取得対象外。保存済みTradingView情報を使用。
2026-08-08T08:06:10.852388+09:00,W04_tv_ratings,META,US,INFO,tv_ratings,TV_FULL,mode=missing; status=skipped_recent_or_not_due; stale_days=7; 今回は再取得対象外。保存済みTradingView情報を使用。
2026-08-08T08:06:10.852394+09:00,W04_tv_ratings,IONQ,US,INFO,tv_ratings,TV_FULL,mode=missing; status=skipped_recent_or_not_due; stale_days=7; 今回は再取得対象外。保存済みTradingView情報を使用。
2026-08-08T08:06:10.852399+09:00,W04_tv_ratings,RGTI,US,INFO,tv_ratings,TV_FULL,mode=missing; status=skipped_recent_or_not_due; stale_days=7; 今回は再取得対象外。保存済みTradingView情報を使用。
2026-08-08T08:06:10.852405+09:00,W04_tv_ratings,SDGR,US,INFO,tv_ratings,TV_FULL,mode=missing; status=skipped_recent_or_not_due; stale_days=7; 今回は再取得対象外。保存済みTradingView情報を使用。
2026-08-08T08:06:10.852410+09:00,W04_tv_ratings,RXRX,US,INFO,tv_ratings,TV_FULL,mode=missing; status=skipped_recent_or_not_due; stale_days=7; 今回は再取得対象外。保存済みTradingView情報を使用。
2026-08-08T08:06:10.852416+09:00,W04_tv_ratings,QCOM,US,INFO,tv_ratings,TV_FULL,mode=missing; status=skipped_recent_or_not_due; stale_days=7; 今回は再取得対象外。保存済みTradingView情報を使用。
2026-08-08T08:06:10.852421+09:00,W04_tv_ratings,HSAI,US,INFO,tv_ratings,TV_FULL,mode=missing; status=skipped_recent_or_not_due; stale_days=7; 今回は再取得対象外。保存済みTradingView情報を使用。
2026-08-08T08:06:10.852426+09:00,W04_tv_ratings,PL,US,INFO,tv_ratings,TV_FULL,mode=missing; status=skipped_recent_or_not_due; stale_days=7; 今回は再取得対象外。保存済みTradingView情報を使用。
2026-08-08T08:06:10.852432+09:00,W04_tv_ratings,V,US,INFO,tv_ratings,TV_CACHE,mode=missing; status=skipped_recent_or_not_due; stale_days=35; 今回は再取得対象外。保存済みTradingView情報を使用。
2026-08-08T08:06:10.852437+09:00,W04_tv_ratings,VRTX,US,INFO,tv_ratings,TV_CACHE,mode=missing; status=skipped_recent_or_not_due; stale_days=35; 今回は再取得対象外。保存済みTradingView情報を使用。
2026-08-08T08:06:10.852443+09:00,W04_tv_ratings,DIS,US,INFO,tv_ratings,TV_CACHE,mode=missing; status=skipped_recent_or_not_due; stale_days=35; 今回は再取得対象外。保存済みTradingView情報を使用。
2026-08-08T08:06:10.852448+09:00,W04_tv_ratings,KVYO,US,INFO,tv_ratings,TV_CACHE,mode=missing; status=skipped_recent_or_not_due; stale_days=35; 今回は再取得対象外。保存済みTradingView情報を使用。
2026-08-08T08:06:10.852454+09:00,W04_tv_ratings,DKNG,US,INFO,tv_ratings,TV_CACHE,mode=missing; status=skipped_recent_or_not_due; stale_days=35; 今回は再取得対象外。保存済みTradingView情報を使用。
2026-08-08T08:06:10.852459+09:00,W04_tv_ratings,CRSP,US,INFO,tv_ratings,TV_CACHE,mode=missing; status=skipped_recent_or_not_due; stale_days=35; 今回は再取得対象外。保存済みTradingView情報を使用。
2026-08-08T08:06:10.852465+09:00,W04_tv_ratings,BEAM,US,INFO,tv_ratings,TV_CACHE,mode=missing; status=skipped_recent_or_not_due; stale_days=35; 今回は再取得対象外。保存済みTradingView情報を使用。
2026-08-08T08:06:10.852470+09:00,W04_tv_ratings,ETN,US,INFO,tv_ratings,TV_CACHE,mode=missing; status=skipped_recent_or_not_due; stale_days=35; 今回は再取得対象外。保存済みTradingView情報を使用。
2026-08-08T08:06:10.852476+09:00,W04_tv_ratings,MSTR,US,INFO,tv_ratings,TV_CACHE,mode=missing; status=skipped_recent_or_not_due; stale_days=35; 今回は再取得対象外。保存済みTradingView情報を使用。
2026-08-08T08:06:10.852481+09:00,W04_tv_ratings,POET,US,INFO,tv_ratings,TV_CACHE,mode=missing; status=skipped_recent_or_not_due; stale_days=35; 今回は再取得対象外。保存済みTradingView情報を使用。
2026-08-08T08:06:10.852487+09:00,W04_tv_ratings,KITT,US,WARN,tv_ratings,TV_PARTIAL,mode=missing; status=kept_previous_tv_partial; stale_days=42; 今回未取得のため前回TV_PARTIALを保持。https://www.tradingview.com/symbols/NASDAQ-KITT/forecast/: HTTP Error 404: Not Found / https://www.tradingview.com/symbols/NASDAQ-KITT/forecast-price-target/: HTTP Error 404: Not Found
2026-08-08T08:06:10.852518+09:00,W04_tv_ratings,AXTI,US,INFO,tv_ratings,TV_CACHE,mode=missing; status=skipped_recent_or_not_due; stale_days=35; 今回は再取得対象外。保存済みTradingView情報を使用。
2026-08-08T08:06:10.852526+09:00,W04_tv_ratings,COHR,US,INFO,tv_ratings,TV_CACHE,mode=missing; status=skipped_recent_or_not_due; stale_days=35; 今回は再取得対象外。保存済みTradingView情報を使用。
2026-08-08T08:06:10.852532+09:00,W04_tv_ratings,ANET,US,INFO,tv_ratings,TV_CACHE,mode=missing; status=skipped_recent_or_not_due; stale_days=35; 今回は再取得対象外。保存済みTradingView情報を使用。
2026-08-08T08:06:10.852537+09:00,W04_tv_ratings,DDOG,US,INFO,tv_ratings,TV_CACHE,mode=missing; status=skipped_recent_or_not_due; stale_days=35; 今回は再取得対象外。保存済みTradingView情報を使用。
2026-08-08T08:06:10.852542+09:00,W04_tv_ratings,SNOW,US,INFO,tv_ratings,TV_CACHE,mode=missing; status=skipped_recent_or_not_due; stale_days=35; 今回は再取得対象外。保存済みTradingView情報を使用。
2026-08-08T08:06:10.852548+09:00,W04_tv_ratings,OPTX,US,WARN,tv_ratings,TV_PARTIAL,mode=missing; status=kept_previous_tv_partial; stale_days=42; 今回未取得のため前回TV_PARTIALを保持。https://www.tradingview.com/symbols/NASDAQ-OPTX/forecast/: HTTP Error 404: Not Found / https://www.tradingview.com/symbols/NASDAQ-OPTX/forecast-price-target/: HTTP Error 404: Not Found
2026-08-08T08:06:10.852556+09:00,W04_tv_ratings,AEM,US,INFO,tv_ratings,TV_CACHE,mode=missing; status=skipped_recent_or_not_due; stale_days=35; 今回は再取得対象外。保存済みTradingView情報を使用。
2026-08-08T08:06:10.852561+09:00,W04_tv_ratings,ZETA,US,INFO,tv_ratings,TV_CACHE,mode=missing; status=skipped_recent_or_not_due; stale_days=35; 今回は再取得対象外。保存済みTradingView情報を使用。
2026-08-10T08:32:04.611691+09:00,D03_buy_alert,EWY,US,INFO,価格スケール確認待ち,buy_zone_master,basis status
2026-08-10T08:32:04.611718+09:00,D03_buy_alert,PL,US,INFO,価格スケール確認待ち,buy_zone_master,basis status
2026-08-10T08:32:04.611730+09:00,D03_buy_alert,MSTR,US,INFO,条件確認待ち,buy_zone_master,basis status
2026-08-10T08:32:04.611741+09:00,D03_buy_alert,AXTI,US,INFO,価格スケール確認待ち,buy_zone_master,basis status
2026-08-10T08:32:04.611750+09:00,D03_buy_alert,COHR,US,INFO,価格スケール確認待ち,buy_zone_master,basis status
2026-08-10T08:32:04.611760+09:00,D03_buy_alert,OPTX,US,INFO,価格スケール確認待ち,buy_zone_master,basis status
2026-08-11T08:35:40.499646+09:00,D03_buy_alert,EWY,US,INFO,価格スケール確認待ち,buy_zone_master,basis status
2026-08-11T08:35:40.499666+09:00,D03_buy_alert,PL,US,INFO,価格スケール確認待ち,buy_zone_master,basis status
2026-08-11T08:35:40.499674+09:00,D03_buy_alert,MSTR,US,INFO,条件確認待ち,buy_zone_master,basis status
2026-08-11T08:35:40.499680+09:00,D03_buy_alert,AXTI,US,INFO,価格スケール確認待ち,buy_zone_master,basis status
2026-08-11T08:35:40.499685+09:00,D03_buy_alert,COHR,US,INFO,価格スケール確認待ち,buy_zone_master,basis status
2026-08-11T08:35:40.499690+09:00,D03_buy_alert,OPTX,US,INFO,価格スケール確認待ち,buy_zone_master,basis status
2026-08-12T08:40:45.611658+09:00,D03_buy_alert,EWY,US,INFO,価格スケール確認待ち,buy_zone_master,basis status
2026-08-12T08:40:45.611691+09:00,D03_buy_alert,PL,US,INFO,価格スケール確認待ち,buy_zone_master,basis status
2026-08-12T08:40:45.611702+09:00,D03_buy_alert,MSTR,US,INFO,条件確認待ち,buy_zone_master,basis status
2026-08-12T08:40:45.611711+09:00,D03_buy_alert,AXTI,US,INFO,価格スケール確認待ち,buy_zone_master,basis status
2026-08-12T08:40:45.611726+09:00,D03_buy_alert,COHR,US,INFO,価格スケール確認待ち,buy_zone_master,basis status
2026-08-12T08:40:45.611734+09:00,D03_buy_alert,OPTX,US,INFO,価格スケール確認待ち,buy_zone_master,basis status
2026-08-13T08:41:42.123156+09:00,D03_buy_alert,EWY,US,INFO,価格スケール確認待ち,buy_zone_master,basis status
2026-08-13T08:41:42.123174+09:00,D03_buy_alert,PL,US,INFO,価格スケール確認待ち,buy_zone_master,basis status
2026-08-13T08:41:42.123181+09:00,D03_buy_alert,MSTR,US,INFO,条件確認待ち,buy_zone_master,basis status
2026-08-13T08:41:42.123186+09:00,D03_buy_alert,AXTI,US,INFO,価格スケール確認待ち,buy_zone_master,basis status
2026-08-13T08:41:42.123191+09:00,D03_buy_alert,COHR,US,INFO,価格スケール確認待ち,buy_zone_master,basis status
2026-08-13T08:41:42.123195+09:00,D03_buy_alert,OPTX,US,INFO,価格スケール確認待ち,buy_zone_master,basis status
2026-08-14T08:41:50.985343+09:00,D03_buy_alert,EWY,US,INFO,価格スケール確認待ち,buy_zone_master,basis status
2026-08-14T08:41:50.985365+09:00,D03_buy_alert,PL,US,INFO,価格スケール確認待ち,buy_zone_master,basis status
2026-08-14T08:41:50.985373+09:00,D03_buy_alert,MSTR,US,INFO,条件確認待ち,buy_zone_master,basis status
2026-08-14T08:41:50.985378+09:00,D03_buy_alert,AXTI,US,INFO,価格スケール確認待ち,buy_zone_master,basis status
2026-08-14T08:41:50.985382+09:00,D03_buy_alert,COHR,US,INFO,価格スケール確認待ち,buy_zone_master,basis status
2026-08-14T08:41:50.985387+09:00,D03_buy_alert,OPTX,US,INFO,価格スケール確認待ち,buy_zone_master,basis status
2026-08-15T07:49:49.418473+09:00,W04_tv_ratings,AVAV,US,INFO,tv_ratings,TV_FULL,mode=missing; status=skipped_recent_or_not_due; stale_days=14; 今回は再取得対象外。保存済みTradingView情報を使用。
2026-08-15T07:49:49.418507+09:00,W04_tv_ratings,AXON,US,INFO,tv_ratings,TV_FULL,mode=missing; status=skipped_recent_or_not_due; stale_days=14; 今回は再取得対象外。保存済みTradingView情報を使用。
2026-08-15T07:49:49.418521+09:00,W04_tv_ratings,AUR,US,INFO,tv_ratings,TV_FULL,mode=missing; status=skipped_recent_or_not_due; stale_days=14; 今回は再取得対象外。保存済みTradingView情報を使用。
2026-08-15T07:49:49.418528+09:00,W04_tv_ratings,TMDX,US,INFO,tv_ratings,TV_FULL,mode=missing; status=skipped_recent_or_not_due; stale_days=14; 今回は再取得対象外。保存済みTradingView情報を使用。
2026-08-15T07:49:49.418535+09:00,W04_tv_ratings,NOW,US,INFO,tv_ratings,TV_FULL,mode=missing; status=skipped_recent_or_not_due; stale_days=14; 今回は再取得対象外。保存済みTradingView情報を使用。
2026-08-15T07:49:49.418542+09:00,W04_tv_ratings,RDW,US,INFO,tv_ratings,TV_FULL,mode=missing; status=skipped_recent_or_not_due; stale_days=14; 今回は再取得対象外。保存済みTradingView情報を使用。
2026-08-15T07:49:49.418548+09:00,W04_tv_ratings,TRMB,US,INFO,tv_ratings,TV_FULL,mode=missing; status=skipped_recent_or_not_due; stale_days=14; 今回は再取得対象外。保存済みTradingView情報を使用。
2026-08-15T07:49:49.418557+09:00,W04_tv_ratings,VEEV,US,INFO,tv_ratings,TV_FULL,mode=missing; status=skipped_recent_or_not_due; stale_days=14; 今回は再取得対象外。保存済みTradingView情報を使用。
2026-08-15T07:49:49.418565+09:00,W04_tv_ratings,PYPL,US,INFO,tv_ratings,TV_FULL,mode=missing; status=skipped_recent_or_not_due; stale_days=14; 今回は再取得対象外。保存済みTradingView情報を使用。
2026-08-15T07:49:49.418572+09:00,W04_tv_ratings,TEM,US,INFO,tv_ratings,TV_FULL,mode=missing; status=skipped_recent_or_not_due; stale_days=14; 今回は再取得対象外。保存済みTradingView情報を使用。
2026-08-15T07:49:49.418578+09:00,W04_tv_ratings,FICO,US,INFO,tv_ratings,TV_FULL,mode=missing; status=skipped_recent_or_not_due; stale_days=14; 今回は再取得対象外。保存済みTradingView情報を使用。
2026-08-15T07:49:49.418584+09:00,W04_tv_ratings,AAOI,US,INFO,tv_ratings,TV_FULL,mode=missing; status=skipped_recent_or_not_due; stale_days=14; 今回は再取得対象外。保存済みTradingView情報を使用。
2026-08-15T07:49:49.418590+09:00,W04_tv_ratings,OUST,US,INFO,tv_ratings,TV_FULL,mode=missing; status=skipped_recent_or_not_due; stale_days=14; 今回は再取得対象外。保存済みTradingView情報を使用。
2026-08-15T07:49:49.418597+09:00,W04_tv_ratings,APH,US,INFO,tv_ratings,TV_FULL,mode=missing; status=skipped_recent_or_not_due; stale_days=14; 今回は再取得対象外。保存済みTradingView情報を使用。
2026-08-15T07:49:49.418603+09:00,W04_tv_ratings,ASPI,US,INFO,tv_ratings,TV_FULL,mode=missing; status=skipped_recent_or_not_due; stale_days=14; 今回は再取得対象外。保存済みTradingView情報を使用。
2026-08-15T07:49:49.418609+09:00,W04_tv_ratings,NBIS,US,INFO,tv_ratings,TV_FULL,mode=missing; status=skipped_recent_or_not_due; stale_days=14; 今回は再取得対象外。保存済みTradingView情報を使用。
2026-08-15T07:49:49.418615+09:00,W04_tv_ratings,ISRG,US,INFO,tv_ratings,TV_FULL,mode=missing; status=skipped_recent_or_not_due; stale_days=14; 今回は再取得対象外。保存済みTradingView情報を使用。
2026-08-15T07:49:49.418621+09:00,W04_tv_ratings,SPGI,US,INFO,tv_ratings,TV_FULL,mode=missing; status=skipped_recent_or_not_due; stale_days=14; 今回は再取得対象外。保存済みTradingView情報を使用。
2026-08-15T07:49:49.418627+09:00,W04_tv_ratings,MELI,US,INFO,tv_ratings,TV_FULL,mode=missing; status=skipped_recent_or_not_due; stale_days=14; 今回は再取得対象外。保存済みTradingView情報を使用。
2026-08-15T07:49:49.418633+09:00,W04_tv_ratings,TMO,US,INFO,tv_ratings,TV_FULL,mode=missing; status=skipped_recent_or_not_due; stale_days=14; 今回は再取得対象外。保存済みTradingView情報を使用。
2026-08-15T07:49:49.418639+09:00,W04_tv_ratings,META,US,INFO,tv_ratings,TV_FULL,mode=missing; status=skipped_recent_or_not_due; stale_days=14; 今回は再取得対象外。保存済みTradingView情報を使用。
2026-08-15T07:49:49.418645+09:00,W04_tv_ratings,IONQ,US,INFO,tv_ratings,TV_FULL,mode=missing; status=skipped_recent_or_not_due; stale_days=14; 今回は再取得対象外。保存済みTradingView情報を使用。
2026-08-15T07:49:49.418650+09:00,W04_tv_ratings,RGTI,US,INFO,tv_ratings,TV_FULL,mode=missing; status=skipped_recent_or_not_due; stale_days=14; 今回は再取得対象外。保存済みTradingView情報を使用。
2026-08-15T07:49:49.418656+09:00,W04_tv_ratings,SDGR,US,INFO,tv_ratings,TV_FULL,mode=missing; status=skipped_recent_or_not_due; stale_days=14; 今回は再取得対象外。保存済みTradingView情報を使用。
2026-08-15T07:49:49.418662+09:00,W04_tv_ratings,RXRX,US,INFO,tv_ratings,TV_FULL,mode=missing; status=skipped_recent_or_not_due; stale_days=14; 今回は再取得対象外。保存済みTradingView情報を使用。
2026-08-15T07:49:49.418668+09:00,W04_tv_ratings,QCOM,US,INFO,tv_ratings,TV_FULL,mode=missing; status=skipped_recent_or_not_due; stale_days=14; 今回は再取得対象外。保存済みTradingView情報を使用。
2026-08-15T07:49:49.418674+09:00,W04_tv_ratings,HSAI,US,INFO,tv_ratings,TV_FULL,mode=missing; status=skipped_recent_or_not_due; stale_days=14; 今回は再取得対象外。保存済みTradingView情報を使用。
2026-08-15T07:49:49.418680+09:00,W04_tv_ratings,PL,US,INFO,tv_ratings,TV_FULL,mode=missing; status=skipped_recent_or_not_due; stale_days=14; 今回は再取得対象外。保存済みTradingView情報を使用。
2026-08-15T07:49:49.418685+09:00,W04_tv_ratings,V,US,INFO,tv_ratings,TV_CACHE,mode=missing; status=skipped_recent_or_not_due; stale_days=42; 今回は再取得対象外。保存済みTradingView情報を使用。
2026-08-15T07:49:49.418691+09:00,W04_tv_ratings,VRTX,US,INFO,tv_ratings,TV_CACHE,mode=missing; status=skipped_recent_or_not_due; stale_days=42; 今回は再取得対象外。保存済みTradingView情報を使用。
2026-08-15T07:49:49.418697+09:00,W04_tv_ratings,DIS,US,INFO,tv_ratings,TV_CACHE,mode=missing; status=skipped_recent_or_not_due; stale_days=42; 今回は再取得対象外。保存済みTradingView情報を使用。
2026-08-15T07:49:49.418703+09:00,W04_tv_ratings,KVYO,US,INFO,tv_ratings,TV_CACHE,mode=missing; status=skipped_recent_or_not_due; stale_days=42; 今回は再取得対象外。保存済みTradingView情報を使用。
2026-08-15T07:49:49.418709+09:00,W04_tv_ratings,DKNG,US,INFO,tv_ratings,TV_CACHE,mode=missing; status=skipped_recent_or_not_due; stale_days=42; 今回は再取得対象外。保存済みTradingView情報を使用。
2026-08-15T07:49:49.418715+09:00,W04_tv_ratings,CRSP,US,INFO,tv_ratings,TV_CACHE,mode=missing; status=skipped_recent_or_not_due; stale_days=42; 今回は再取得対象外。保存済みTradingView情報を使用。
2026-08-15T07:49:49.418721+09:00,W04_tv_ratings,BEAM,US,INFO,tv_ratings,TV_CACHE,mode=missing; status=skipped_recent_or_not_due; stale_days=42; 今回は再取得対象外。保存済みTradingView情報を使用。
2026-08-15T07:49:49.418726+09:00,W04_tv_ratings,ETN,US,INFO,tv_ratings,TV_CACHE,mode=missing; status=skipped_recent_or_not_due; stale_days=42; 今回は再取得対象外。保存済みTradingView情報を使用。
2026-08-15T07:49:49.418758+09:00,W04_tv_ratings,MSTR,US,INFO,tv_ratings,TV_CACHE,mode=missing; status=skipped_recent_or_not_due; stale_days=42; 今回は再取得対象外。保存済みTradingView情報を使用。
2026-08-15T07:49:49.418766+09:00,W04_tv_ratings,POET,US,INFO,tv_ratings,TV_CACHE,mode=missing; status=skipped_recent_or_not_due; stale_days=42; 今回は再取得対象外。保存済みTradingView情報を使用。
2026-08-15T07:49:49.418798+09:00,W04_tv_ratings,KITT,US,WARN,tv_ratings,TV_PARTIAL,mode=missing; status=kept_previous_tv_partial; stale_days=49; 今回未取得のため前回TV_PARTIALを保持。https://www.tradingview.com/symbols/NASDAQ-KITT/forecast/: HTTP Error 404: Not Found / https://www.tradingview.com/symbols/NASDAQ-KITT/forecast-price-target/: HTTP Error 404: Not Found
2026-08-15T07:49:49.418810+09:00,W04_tv_ratings,AXTI,US,INFO,tv_ratings,TV_CACHE,mode=missing; status=skipped_recent_or_not_due; stale_days=42; 今回は再取得対象外。保存済みTradingView情報を使用。
2026-08-15T07:49:49.418816+09:00,W04_tv_ratings,COHR,US,INFO,tv_ratings,TV_CACHE,mode=missing; status=skipped_recent_or_not_due; stale_days=42; 今回は再取得対象外。保存済みTradingView情報を使用。
2026-08-15T07:49:49.418822+09:00,W04_tv_ratings,ANET,US,INFO,tv_ratings,TV_CACHE,mode=missing; status=skipped_recent_or_not_due; stale_days=42; 今回は再取得対象外。保存済みTradingView情報を使用。
2026-08-15T07:49:49.418828+09:00,W04_tv_ratings,DDOG,US,INFO,tv_ratings,TV_CACHE,mode=missing; status=skipped_recent_or_not_due; stale_days=42; 今回は再取得対象外。保存済みTradingView情報を使用。
2026-08-15T07:49:49.418834+09:00,W04_tv_ratings,SNOW,US,INFO,tv_ratings,TV_CACHE,mode=missing; status=skipped_recent_or_not_due; stale_days=42; 今回は再取得対象外。保存済みTradingView情報を使用。
2026-08-15T07:49:49.418839+09:00,W04_tv_ratings,OPTX,US,WARN,tv_ratings,TV_PARTIAL,mode=missing; status=kept_previous_tv_partial; stale_days=49; 今回未取得のため前回TV_PARTIALを保持。https://www.tradingview.com/symbols/NASDAQ-OPTX/forecast/: HTTP Error 404: Not Found / https://www.tradingview.com/symbols/NASDAQ-OPTX/forecast-price-target/: HTTP Error 404: Not Found
2026-08-15T07:49:49.418849+09:00,W04_tv_ratings,AEM,US,INFO,tv_ratings,TV_CACHE,mode=missing; status=skipped_recent_or_not_due; stale_days=42; 今回は再取得対象外。保存済みTradingView情報を使用。
2026-08-15T07:49:49.418855+09:00,W04_tv_ratings,ZETA,US,INFO,tv_ratings,TV_CACHE,mode=missing; status=skipped_recent_or_not_due; stale_days=42; 今回は再取得対象外。保存済みTradingView情報を使用。
2026-08-17T08:20:25.741430+09:00,D03_buy_alert,EWY,US,INFO,価格スケール確認待ち,buy_zone_master,basis status
2026-08-17T08:20:25.741461+09:00,D03_buy_alert,PL,US,INFO,価格スケール確認待ち,buy_zone_master,basis status
2026-08-17T08:20:25.741468+09:00,D03_buy_alert,MSTR,US,INFO,条件確認待ち,buy_zone_master,basis status
2026-08-17T08:20:25.741474+09:00,D03_buy_alert,AXTI,US,INFO,価格スケール確認待ち,buy_zone_master,basis status
2026-08-17T08:20:25.741479+09:00,D03_buy_alert,COHR,US,INFO,価格スケール確認待ち,buy_zone_master,basis status
2026-08-17T08:20:25.741483+09:00,D03_buy_alert,OPTX,US,INFO,価格スケール確認待ち,buy_zone_master,basis status
2026-08-18T08:23:28.707482+09:00,D03_buy_alert,EWY,US,INFO,価格スケール確認待ち,buy_zone_master,basis status
2026-08-18T08:23:28.707505+09:00,D03_buy_alert,PL,US,INFO,価格スケール確認待ち,buy_zone_master,basis status
2026-08-18T08:23:28.707513+09:00,D03_buy_alert,MSTR,US,INFO,条件確認待ち,buy_zone_master,basis status
2026-08-18T08:23:28.707518+09:00,D03_buy_alert,AXTI,US,INFO,価格スケール確認待ち,buy_zone_master,basis status
2026-08-18T08:23:28.707523+09:00,D03_buy_alert,COHR,US,INFO,価格スケール確認待ち,buy_zone_master,basis status
2026-08-18T08:23:28.707528+09:00,D03_buy_alert,OPTX,US,INFO,価格スケール確認待ち,buy_zone_master,basis status
2026-08-19T08:22:12.915667+09:00,D03_buy_alert,EWY,US,INFO,価格スケール確認待ち,buy_zone_master,basis status
2026-08-19T08:22:12.915684+09:00,D03_buy_alert,PL,US,INFO,価格スケール確認待ち,buy_zone_master,basis status
2026-08-19T08:22:12.915691+09:00,D03_buy_alert,MSTR,US,INFO,条件確認待ち,buy_zone_master,basis status
2026-08-19T08:22:12.915696+09:00,D03_buy_alert,AXTI,US,INFO,価格スケール確認待ち,buy_zone_master,basis status
2026-08-19T08:22:12.915701+09:00,D03_buy_alert,COHR,US,INFO,価格スケール確認待ち,buy_zone_master,basis status
2026-08-19T08:22:12.915705+09:00,D03_buy_alert,OPTX,US,INFO,価格スケール確認待ち,buy_zone_master,basis status
2026-08-20T08:23:12.590581+09:00,D03_buy_alert,EWY,US,INFO,価格スケール確認待ち,buy_zone_master,basis status
2026-08-20T08:23:12.590600+09:00,D03_buy_alert,PL,US,INFO,価格スケール確認待ち,buy_zone_master,basis status
2026-08-20T08:23:12.590607+09:00,D03_buy_alert,MSTR,US,INFO,条件確認待ち,buy_zone_master,basis status
2026-08-20T08:23:12.590613+09:00,D03_buy_alert,AXTI,US,INFO,価格スケール確認待ち,buy_zone_master,basis status
2026-08-20T08:23:12.590618+09:00,D03_buy_alert,COHR,US,INFO,価格スケール確認待ち,buy_zone_master,basis status
2026-08-20T08:23:12.590623+09:00,D03_buy_alert,OPTX,US,INFO,価格スケール確認待ち,buy_zone_master,basis status
2026-08-21T08:25:58.088962+09:00,D03_buy_alert,EWY,US,INFO,価格スケール確認待ち,buy_zone_master,basis status
2026-08-21T08:25:58.088984+09:00,D03_buy_alert,PL,US,INFO,価格スケール確認待ち,buy_zone_master,basis status
2026-08-21T08:25:58.088992+09:00,D03_buy_alert,MSTR,US,INFO,条件確認待ち,buy_zone_master,basis status
2026-08-21T08:25:58.088998+09:00,D03_buy_alert,AXTI,US,INFO,価格スケール確認待ち,buy_zone_master,basis status
2026-08-21T08:25:58.089003+09:00,D03_buy_alert,COHR,US,INFO,価格スケール確認待ち,buy_zone_master,basis status
2026-08-21T08:25:58.089007+09:00,D03_buy_alert,OPTX,US,INFO,価格スケール確認待ち,buy_zone_master,basis status
2026-08-22T07:51:34.386369+09:00,W04_tv_ratings,AVAV,US,INFO,tv_ratings,TV_FULL,mode=missing; status=skipped_recent_or_not_due; stale_days=21; 今回は再取得対象外。保存済みTradingView情報を使用。
2026-08-22T07:51:34.386393+09:00,W04_tv_ratings,AXON,US,INFO,tv_ratings,TV_FULL,mode=missing; status=skipped_recent_or_not_due; stale_days=21; 今回は再取得対象外。保存済みTradingView情報を使用。
2026-08-22T07:51:34.386403+09:00,W04_tv_ratings,AUR,US,INFO,tv_ratings,TV_FULL,mode=missing; status=skipped_recent_or_not_due; stale_days=21; 今回は再取得対象外。保存済みTradingView情報を使用。
2026-08-22T07:51:34.386410+09:00,W04_tv_ratings,TMDX,US,INFO,tv_ratings,TV_FULL,mode=missing; status=skipped_recent_or_not_due; stale_days=21; 今回は再取得対象外。保存済みTradingView情報を使用。
2026-08-22T07:51:34.386417+09:00,W04_tv_ratings,NOW,US,INFO,tv_ratings,TV_FULL,mode=missing; status=skipped_recent_or_not_due; stale_days=21; 今回は再取得対象外。保存済みTradingView情報を使用。
2026-08-22T07:51:34.386423+09:00,W04_tv_ratings,RDW,US,INFO,tv_ratings,TV_FULL,mode=missing; status=skipped_recent_or_not_due; stale_days=21; 今回は再取得対象外。保存済みTradingView情報を使用。
2026-08-22T07:51:34.386429+09:00,W04_tv_ratings,TRMB,US,INFO,tv_ratings,TV_FULL,mode=missing; status=skipped_recent_or_not_due; stale_days=21; 今回は再取得対象外。保存済みTradingView情報を使用。
2026-08-22T07:51:34.386438+09:00,W04_tv_ratings,VEEV,US,INFO,tv_ratings,TV_FULL,mode=missing; status=skipped_recent_or_not_due; stale_days=21; 今回は再取得対象外。保存済みTradingView情報を使用。
2026-08-22T07:51:34.386446+09:00,W04_tv_ratings,PYPL,US,INFO,tv_ratings,TV_FULL,mode=missing; status=skipped_recent_or_not_due; stale_days=21; 今回は再取得対象外。保存済みTradingView情報を使用。
2026-08-22T07:51:34.386452+09:00,W04_tv_ratings,TEM,US,INFO,tv_ratings,TV_FULL,mode=missing; status=skipped_recent_or_not_due; stale_days=21; 今回は再取得対象外。保存済みTradingView情報を使用。
2026-08-22T07:51:34.386459+09:00,W04_tv_ratings,FICO,US,INFO,tv_ratings,TV_FULL,mode=missing; status=skipped_recent_or_not_due; stale_days=21; 今回は再取得対象外。保存済みTradingView情報を使用。
2026-08-22T07:51:34.386465+09:00,W04_tv_ratings,AAOI,US,INFO,tv_ratings,TV_FULL,mode=missing; status=skipped_recent_or_not_due; stale_days=21; 今回は再取得対象外。保存済みTradingView情報を使用。
2026-08-22T07:51:34.386471+09:00,W04_tv_ratings,OUST,US,INFO,tv_ratings,TV_FULL,mode=missing; status=skipped_recent_or_not_due; stale_days=21; 今回は再取得対象外。保存済みTradingView情報を使用。
2026-08-22T07:51:34.386477+09:00,W04_tv_ratings,APH,US,INFO,tv_ratings,TV_FULL,mode=missing; status=skipped_recent_or_not_due; stale_days=21; 今回は再取得対象外。保存済みTradingView情報を使用。
2026-08-22T07:51:34.386482+09:00,W04_tv_ratings,ASPI,US,INFO,tv_ratings,TV_FULL,mode=missing; status=skipped_recent_or_not_due; stale_days=21; 今回は再取得対象外。保存済みTradingView情報を使用。
2026-08-22T07:51:34.386488+09:00,W04_tv_ratings,NBIS,US,INFO,tv_ratings,TV_FULL,mode=missing; status=skipped_recent_or_not_due; stale_days=21; 今回は再取得対象外。保存済みTradingView情報を使用。
2026-08-22T07:51:34.386493+09:00,W04_tv_ratings,ISRG,US,INFO,tv_ratings,TV_FULL,mode=missing; status=skipped_recent_or_not_due; stale_days=21; 今回は再取得対象外。保存済みTradingView情報を使用。
2026-08-22T07:51:34.386499+09:00,W04_tv_ratings,SPGI,US,INFO,tv_ratings,TV_FULL,mode=missing; status=skipped_recent_or_not_due; stale_days=21; 今回は再取得対象外。保存済みTradingView情報を使用。
2026-08-22T07:51:34.386540+09:00,W04_tv_ratings,MELI,US,INFO,tv_ratings,TV_FULL,mode=missing; status=skipped_recent_or_not_due; stale_days=21; 今回は再取得対象外。保存済みTradingView情報を使用。
2026-08-22T07:51:34.386551+09:00,W04_tv_ratings,TMO,US,INFO,tv_ratings,TV_FULL,mode=missing; status=skipped_recent_or_not_due; stale_days=21; 今回は再取得対象外。保存済みTradingView情報を使用。
2026-08-22T07:51:34.386561+09:00,W04_tv_ratings,META,US,INFO,tv_ratings,TV_FULL,mode=missing; status=skipped_recent_or_not_due; stale_days=21; 今回は再取得対象外。保存済みTradingView情報を使用。
2026-08-22T07:51:34.386572+09:00,W04_tv_ratings,IONQ,US,INFO,tv_ratings,TV_FULL,mode=missing; status=skipped_recent_or_not_due; stale_days=21; 今回は再取得対象外。保存済みTradingView情報を使用。
2026-08-22T07:51:34.386578+09:00,W04_tv_ratings,RGTI,US,INFO,tv_ratings,TV_FULL,mode=missing; status=skipped_recent_or_not_due; stale_days=21; 今回は再取得対象外。保存済みTradingView情報を使用。
2026-08-22T07:51:34.386584+09:00,W04_tv_ratings,SDGR,US,INFO,tv_ratings,TV_FULL,mode=missing; status=skipped_recent_or_not_due; stale_days=21; 今回は再取得対象外。保存済みTradingView情報を使用。
2026-08-22T07:51:34.386590+09:00,W04_tv_ratings,RXRX,US,INFO,tv_ratings,TV_FULL,mode=missing; status=skipped_recent_or_not_due; stale_days=21; 今回は再取得対象外。保存済みTradingView情報を使用。
2026-08-22T07:51:34.386596+09:00,W04_tv_ratings,QCOM,US,INFO,tv_ratings,TV_FULL,mode=missing; status=skipped_recent_or_not_due; stale_days=21; 今回は再取得対象外。保存済みTradingView情報を使用。
2026-08-22T07:51:34.386602+09:00,W04_tv_ratings,HSAI,US,INFO,tv_ratings,TV_FULL,mode=missing; status=skipped_recent_or_not_due; stale_days=21; 今回は再取得対象外。保存済みTradingView情報を使用。
2026-08-22T07:51:34.386607+09:00,W04_tv_ratings,PL,US,INFO,tv_ratings,TV_FULL,mode=missing; status=skipped_recent_or_not_due; stale_days=21; 今回は再取得対象外。保存済みTradingView情報を使用。
2026-08-22T07:51:34.386613+09:00,W04_tv_ratings,V,US,INFO,tv_ratings,TV_CACHE,mode=missing; status=skipped_recent_or_not_due; stale_days=49; 今回は再取得対象外。保存済みTradingView情報を使用。
2026-08-22T07:51:34.386619+09:00,W04_tv_ratings,VRTX,US,INFO,tv_ratings,TV_CACHE,mode=missing; status=skipped_recent_or_not_due; stale_days=49; 今回は再取得対象外。保存済みTradingView情報を使用。
2026-08-22T07:51:34.386625+09:00,W04_tv_ratings,DIS,US,INFO,tv_ratings,TV_CACHE,mode=missing; status=skipped_recent_or_not_due; stale_days=49; 今回は再取得対象外。保存済みTradingView情報を使用。
2026-08-22T07:51:34.386631+09:00,W04_tv_ratings,KVYO,US,INFO,tv_ratings,TV_CACHE,mode=missing; status=skipped_recent_or_not_due; stale_days=49; 今回は再取得対象外。保存済みTradingView情報を使用。
2026-08-22T07:51:34.386637+09:00,W04_tv_ratings,DKNG,US,INFO,tv_ratings,TV_CACHE,mode=missing; status=skipped_recent_or_not_due; stale_days=49; 今回は再取得対象外。保存済みTradingView情報を使用。
2026-08-22T07:51:34.386642+09:00,W04_tv_ratings,CRSP,US,INFO,tv_ratings,TV_CACHE,mode=missing; status=skipped_recent_or_not_due; stale_days=49; 今回は再取得対象外。保存済みTradingView情報を使用。
2026-08-22T07:51:34.386648+09:00,W04_tv_ratings,BEAM,US,INFO,tv_ratings,TV_CACHE,mode=missing; status=skipped_recent_or_not_due; stale_days=49; 今回は再取得対象外。保存済みTradingView情報を使用。
2026-08-22T07:51:34.386654+09:00,W04_tv_ratings,ETN,US,INFO,tv_ratings,TV_CACHE,mode=missing; status=skipped_recent_or_not_due; stale_days=49; 今回は再取得対象外。保存済みTradingView情報を使用。
2026-08-22T07:51:34.386660+09:00,W04_tv_ratings,MSTR,US,INFO,tv_ratings,TV_CACHE,mode=missing; status=skipped_recent_or_not_due; stale_days=49; 今回は再取得対象外。保存済みTradingView情報を使用。
2026-08-22T07:51:34.386665+09:00,W04_tv_ratings,POET,US,INFO,tv_ratings,TV_CACHE,mode=missing; status=skipped_recent_or_not_due; stale_days=49; 今回は再取得対象外。保存済みTradingView情報を使用。
2026-08-22T07:51:34.386697+09:00,W04_tv_ratings,KITT,US,WARN,tv_ratings,TV_PARTIAL,mode=missing; status=kept_previous_tv_partial; stale_days=56; 今回未取得のため前回TV_PARTIALを保持。https://www.tradingview.com/symbols/NASDAQ-KITT/forecast/: HTTP Error 404: Not Found / https://www.tradingview.com/symbols/NASDAQ-KITT/forecast-price-target/: HTTP Error 404: Not Found
2026-08-22T07:51:34.386707+09:00,W04_tv_ratings,AXTI,US,INFO,tv_ratings,TV_CACHE,mode=missing; status=skipped_recent_or_not_due; stale_days=49; 今回は再取得対象外。保存済みTradingView情報を使用。
2026-08-22T07:51:34.386714+09:00,W04_tv_ratings,COHR,US,INFO,tv_ratings,TV_CACHE,mode=missing; status=skipped_recent_or_not_due; stale_days=49; 今回は再取得対象外。保存済みTradingView情報を使用。
2026-08-22T07:51:34.386719+09:00,W04_tv_ratings,ANET,US,INFO,tv_ratings,TV_CACHE,mode=missing; status=skipped_recent_or_not_due; stale_days=49; 今回は再取得対象外。保存済みTradingView情報を使用。
2026-08-22T07:51:34.386725+09:00,W04_tv_ratings,DDOG,US,INFO,tv_ratings,TV_CACHE,mode=missing; status=skipped_recent_or_not_due; stale_days=49; 今回は再取得対象外。保存済みTradingView情報を使用。
2026-08-22T07:51:34.386730+09:00,W04_tv_ratings,SNOW,US,INFO,tv_ratings,TV_CACHE,mode=missing; status=skipped_recent_or_not_due; stale_days=49; 今回は再取得対象外。保存済みTradingView情報を使用。
2026-08-22T07:51:34.386736+09:00,W04_tv_ratings,OPTX,US,WARN,tv_ratings,TV_PARTIAL,mode=missing; status=kept_previous_tv_partial; stale_days=56; 今回未取得のため前回TV_PARTIALを保持。https://www.tradingview.com/symbols/NASDAQ-OPTX/forecast/: HTTP Error 404: Not Found / https://www.tradingview.com/symbols/NASDAQ-OPTX/forecast-price-target/: HTTP Error 404: Not Found
2026-08-22T07:51:34.386745+09:00,W04_tv_ratings,AEM,US,INFO,tv_ratings,TV_CACHE,mode=missing; status=skipped_recent_or_not_due; stale_days=49; 今回は再取得対象外。保存済みTradingView情報を使用。
2026-08-22T07:51:34.386751+09:00,W04_tv_ratings,ZETA,US,INFO,tv_ratings,TV_CACHE,mode=missing; status=skipped_recent_or_not_due; stale_days=49; 今回は再取得対象外。保存済みTradingView情報を使用。
2026-08-24T08:21:12.204321+09:00,D03_buy_alert,EWY,US,INFO,価格スケール確認待ち,buy_zone_master,basis status
2026-08-24T08:21:12.204350+09:00,D03_buy_alert,PL,US,INFO,価格スケール確認待ち,buy_zone_master,basis status
2026-08-24T08:21:12.204355+09:00,D03_buy_alert,MSTR,US,INFO,条件確認待ち,buy_zone_master,basis status
2026-08-24T08:21:12.204359+09:00,D03_buy_alert,AXTI,US,INFO,価格スケール確認待ち,buy_zone_master,basis status
2026-08-24T08:21:12.204364+09:00,D03_buy_alert,COHR,US,INFO,価格スケール確認待ち,buy_zone_master,basis status
2026-08-24T08:21:12.204368+09:00,D03_buy_alert,OPTX,US,INFO,価格スケール確認待ち,buy_zone_master,basis status
2026-08-25T08:23:11.546372+09:00,D03_buy_alert,EWY,US,INFO,価格スケール確認待ち,buy_zone_master,basis status
2026-08-25T08:23:11.546391+09:00,D03_buy_alert,PL,US,INFO,価格スケール確認待ち,buy_zone_master,basis status
2026-08-25T08:23:11.546398+09:00,D03_buy_alert,MSTR,US,INFO,条件確認待ち,buy_zone_master,basis status
2026-08-25T08:23:11.546403+09:00,D03_buy_alert,AXTI,US,INFO,価格スケール確認待ち,buy_zone_master,basis status
2026-08-25T08:23:11.546408+09:00,D03_buy_alert,COHR,US,INFO,価格スケール確認待ち,buy_zone_master,basis status
2026-08-25T08:23:11.546413+09:00,D03_buy_alert,OPTX,US,INFO,価格スケール確認待ち,buy_zone_master,basis status
2026-08-26T08:25:23.954847+09:00,D03_buy_alert,EWY,US,INFO,価格スケール確認待ち,buy_zone_master,basis status
2026-08-26T08:25:23.954871+09:00,D03_buy_alert,PL,US,INFO,価格スケール確認待ち,buy_zone_master,basis status
2026-08-26T08:25:23.954878+09:00,D03_buy_alert,MSTR,US,INFO,条件確認待ち,buy_zone_master,basis status
2026-08-26T08:25:23.954884+09:00,D03_buy_alert,AXTI,US,INFO,価格スケール確認待ち,buy_zone_master,basis status
2026-08-26T08:25:23.954889+09:00,D03_buy_alert,COHR,US,INFO,価格スケール確認待ち,buy_zone_master,basis status
2026-08-26T08:25:23.954893+09:00,D03_buy_alert,OPTX,US,INFO,価格スケール確認待ち,buy_zone_master,basis status
2026-08-27T13:20:19.940393+09:00,D03_buy_alert,EWY,US,INFO,価格スケール確認待ち,buy_zone_master,basis status
2026-08-27T13:20:19.940433+09:00,D03_buy_alert,PL,US,INFO,価格スケール確認待ち,buy_zone_master,basis status
2026-08-27T13:20:19.940441+09:00,D03_buy_alert,MSTR,US,INFO,条件確認待ち,buy_zone_master,basis status
2026-08-27T13:20:19.940447+09:00,D03_buy_alert,AXTI,US,INFO,価格スケール確認待ち,buy_zone_master,basis status
2026-08-27T13:20:19.940451+09:00,D03_buy_alert,COHR,US,INFO,価格スケール確認待ち,buy_zone_master,basis status
2026-08-27T13:20:19.940457+09:00,D03_buy_alert,OPTX,US,INFO,価格スケール確認待ち,buy_zone_master,basis status
2026-08-28T15:47:32.880738+09:00,D03_buy_alert,EWY,US,INFO,価格スケール確認待ち,buy_zone_master,basis status
2026-08-28T15:47:32.880772+09:00,D03_buy_alert,PL,US,INFO,価格スケール確認待ち,buy_zone_master,basis status
2026-08-28T15:47:32.880784+09:00,D03_buy_alert,MSTR,US,INFO,条件確認待ち,buy_zone_master,basis status
2026-08-28T15:47:32.880792+09:00,D03_buy_alert,AXTI,US,INFO,価格スケール確認待ち,buy_zone_master,basis status
2026-08-28T15:47:32.880800+09:00,D03_buy_alert,COHR,US,INFO,価格スケール確認待ち,buy_zone_master,basis status
2026-08-28T15:47:32.880810+09:00,D03_buy_alert,OPTX,US,INFO,価格スケール確認待ち,buy_zone_master,basis status
2026-08-29T12:48:18.898205+09:00,W04_tv_ratings,AVAV,US,INFO,tv_ratings,TV_FULL,mode=missing; status=skipped_recent_or_not_due; stale_days=28; 今回は再取得対象外。保存済みTradingView情報を使用。
2026-08-29T12:48:18.898236+09:00,W04_tv_ratings,AXON,US,INFO,tv_ratings,TV_FULL,mode=missing; status=skipped_recent_or_not_due; stale_days=28; 今回は再取得対象外。保存済みTradingView情報を使用。
2026-08-29T12:48:18.898246+09:00,W04_tv_ratings,AUR,US,INFO,tv_ratings,TV_FULL,mode=missing; status=skipped_recent_or_not_due; stale_days=28; 今回は再取得対象外。保存済みTradingView情報を使用。
2026-08-29T12:48:18.898254+09:00,W04_tv_ratings,TMDX,US,INFO,tv_ratings,TV_FULL,mode=missing; status=skipped_recent_or_not_due; stale_days=28; 今回は再取得対象外。保存済みTradingView情報を使用。
2026-08-29T12:48:18.898261+09:00,W04_tv_ratings,NOW,US,INFO,tv_ratings,TV_FULL,mode=missing; status=skipped_recent_or_not_due; stale_days=28; 今回は再取得対象外。保存済みTradingView情報を使用。
2026-08-29T12:48:18.898269+09:00,W04_tv_ratings,RDW,US,INFO,tv_ratings,TV_FULL,mode=missing; status=skipped_recent_or_not_due; stale_days=28; 今回は再取得対象外。保存済みTradingView情報を使用。
2026-08-29T12:48:18.898276+09:00,W04_tv_ratings,TRMB,US,INFO,tv_ratings,TV_FULL,mode=missing; status=skipped_recent_or_not_due; stale_days=28; 今回は再取得対象外。保存済みTradingView情報を使用。
2026-08-29T12:48:18.898286+09:00,W04_tv_ratings,VEEV,US,INFO,tv_ratings,TV_FULL,mode=missing; status=skipped_recent_or_not_due; stale_days=28; 今回は再取得対象外。保存済みTradingView情報を使用。
2026-08-29T12:48:18.898296+09:00,W04_tv_ratings,PYPL,US,INFO,tv_ratings,TV_FULL,mode=missing; status=skipped_recent_or_not_due; stale_days=28; 今回は再取得対象外。保存済みTradingView情報を使用。
2026-08-29T12:48:18.898304+09:00,W04_tv_ratings,TEM,US,INFO,tv_ratings,TV_FULL,mode=missing; status=skipped_recent_or_not_due; stale_days=28; 今回は再取得対象外。保存済みTradingView情報を使用。
2026-08-29T12:48:18.898311+09:00,W04_tv_ratings,FICO,US,INFO,tv_ratings,TV_FULL,mode=missing; status=skipped_recent_or_not_due; stale_days=28; 今回は再取得対象外。保存済みTradingView情報を使用。
2026-08-29T12:48:18.898318+09:00,W04_tv_ratings,AAOI,US,INFO,tv_ratings,TV_FULL,mode=missing; status=skipped_recent_or_not_due; stale_days=28; 今回は再取得対象外。保存済みTradingView情報を使用。
2026-08-29T12:48:18.898325+09:00,W04_tv_ratings,OUST,US,INFO,tv_ratings,TV_FULL,mode=missing; status=skipped_recent_or_not_due; stale_days=28; 今回は再取得対象外。保存済みTradingView情報を使用。
2026-08-29T12:48:18.898332+09:00,W04_tv_ratings,APH,US,INFO,tv_ratings,TV_FULL,mode=missing; status=skipped_recent_or_not_due; stale_days=28; 今回は再取得対象外。保存済みTradingView情報を使用。
2026-08-29T12:48:18.898340+09:00,W04_tv_ratings,ASPI,US,INFO,tv_ratings,TV_FULL,mode=missing; status=skipped_recent_or_not_due; stale_days=28; 今回は再取得対象外。保存済みTradingView情報を使用。
2026-08-29T12:48:18.898347+09:00,W04_tv_ratings,NBIS,US,INFO,tv_ratings,TV_FULL,mode=missing; status=skipped_recent_or_not_due; stale_days=28; 今回は再取得対象外。保存済みTradingView情報を使用。
2026-08-29T12:48:18.898354+09:00,W04_tv_ratings,ISRG,US,INFO,tv_ratings,TV_FULL,mode=missing; status=skipped_recent_or_not_due; stale_days=28; 今回は再取得対象外。保存済みTradingView情報を使用。
2026-08-29T12:48:18.898361+09:00,W04_tv_ratings,SPGI,US,INFO,tv_ratings,TV_FULL,mode=missing; status=skipped_recent_or_not_due; stale_days=28; 今回は再取得対象外。保存済みTradingView情報を使用。
2026-08-29T12:48:18.898369+09:00,W04_tv_ratings,MELI,US,INFO,tv_ratings,TV_FULL,mode=missing; status=skipped_recent_or_not_due; stale_days=28; 今回は再取得対象外。保存済みTradingView情報を使用。
2026-08-29T12:48:18.898375+09:00,W04_tv_ratings,TMO,US,INFO,tv_ratings,TV_FULL,mode=missing; status=skipped_recent_or_not_due; stale_days=28; 今回は再取得対象外。保存済みTradingView情報を使用。
2026-08-29T12:48:18.898380+09:00,W04_tv_ratings,META,US,INFO,tv_ratings,TV_FULL,mode=missing; status=skipped_recent_or_not_due; stale_days=28; 今回は再取得対象外。保存済みTradingView情報を使用。
2026-08-29T12:48:18.898386+09:00,W04_tv_ratings,IONQ,US,INFO,tv_ratings,TV_FULL,mode=missing; status=skipped_recent_or_not_due; stale_days=28; 今回は再取得対象外。保存済みTradingView情報を使用。
2026-08-29T12:48:18.898391+09:00,W04_tv_ratings,RGTI,US,INFO,tv_ratings,TV_FULL,mode=missing; status=skipped_recent_or_not_due; stale_days=28; 今回は再取得対象外。保存済みTradingView情報を使用。
2026-08-29T12:48:18.898397+09:00,W04_tv_ratings,SDGR,US,INFO,tv_ratings,TV_FULL,mode=missing; status=skipped_recent_or_not_due; stale_days=28; 今回は再取得対象外。保存済みTradingView情報を使用。
2026-08-29T12:48:18.898403+09:00,W04_tv_ratings,RXRX,US,INFO,tv_ratings,TV_FULL,mode=missing; status=skipped_recent_or_not_due; stale_days=28; 今回は再取得対象外。保存済みTradingView情報を使用。
2026-08-29T12:48:18.898408+09:00,W04_tv_ratings,QCOM,US,INFO,tv_ratings,TV_FULL,mode=missing; status=skipped_recent_or_not_due; stale_days=28; 今回は再取得対象外。保存済みTradingView情報を使用。
2026-08-29T12:48:18.898414+09:00,W04_tv_ratings,HSAI,US,INFO,tv_ratings,TV_FULL,mode=missing; status=skipped_recent_or_not_due; stale_days=28; 今回は再取得対象外。保存済みTradingView情報を使用。
2026-08-29T12:48:18.898419+09:00,W04_tv_ratings,PL,US,INFO,tv_ratings,TV_FULL,mode=missing; status=skipped_recent_or_not_due; stale_days=28; 今回は再取得対象外。保存済みTradingView情報を使用。
2026-08-29T12:48:18.898425+09:00,W04_tv_ratings,V,US,INFO,tv_ratings,TV_CACHE,mode=missing; status=skipped_recent_or_not_due; stale_days=56; 今回は再取得対象外。保存済みTradingView情報を使用。
2026-08-29T12:48:18.898430+09:00,W04_tv_ratings,VRTX,US,INFO,tv_ratings,TV_CACHE,mode=missing; status=skipped_recent_or_not_due; stale_days=56; 今回は再取得対象外。保存済みTradingView情報を使用。
2026-08-29T12:48:18.898436+09:00,W04_tv_ratings,DIS,US,INFO,tv_ratings,TV_CACHE,mode=missing; status=skipped_recent_or_not_due; stale_days=56; 今回は再取得対象外。保存済みTradingView情報を使用。
2026-08-29T12:48:18.898442+09:00,W04_tv_ratings,KVYO,US,INFO,tv_ratings,TV_CACHE,mode=missing; status=skipped_recent_or_not_due; stale_days=56; 今回は再取得対象外。保存済みTradingView情報を使用。
2026-08-29T12:48:18.898448+09:00,W04_tv_ratings,DKNG,US,INFO,tv_ratings,TV_CACHE,mode=missing; status=skipped_recent_or_not_due; stale_days=56; 今回は再取得対象外。保存済みTradingView情報を使用。
2026-08-29T12:48:18.898453+09:00,W04_tv_ratings,CRSP,US,INFO,tv_ratings,TV_CACHE,mode=missing; status=skipped_recent_or_not_due; stale_days=56; 今回は再取得対象外。保存済みTradingView情報を使用。
2026-08-29T12:48:18.898459+09:00,W04_tv_ratings,BEAM,US,INFO,tv_ratings,TV_CACHE,mode=missing; status=skipped_recent_or_not_due; stale_days=56; 今回は再取得対象外。保存済みTradingView情報を使用。
2026-08-29T12:48:18.898465+09:00,W04_tv_ratings,ETN,US,INFO,tv_ratings,TV_CACHE,mode=missing; status=skipped_recent_or_not_due; stale_days=56; 今回は再取得対象外。保存済みTradingView情報を使用。
2026-08-29T12:48:18.898471+09:00,W04_tv_ratings,MSTR,US,INFO,tv_ratings,TV_CACHE,mode=missing; status=skipped_recent_or_not_due; stale_days=56; 今回は再取得対象外。保存済みTradingView情報を使用。
2026-08-29T12:48:18.898477+09:00,W04_tv_ratings,POET,US,INFO,tv_ratings,TV_CACHE,mode=missing; status=skipped_recent_or_not_due; stale_days=56; 今回は再取得対象外。保存済みTradingView情報を使用。
2026-08-29T12:48:18.898507+09:00,W04_tv_ratings,KITT,US,WARN,tv_ratings,TV_PARTIAL,mode=missing; status=kept_previous_tv_partial; stale_days=63; 今回未取得のため前回TV_PARTIALを保持。https://www.tradingview.com/symbols/NASDAQ-KITT/forecast/: HTTP Error 404: Not Found / https://www.tradingview.com/symbols/NASDAQ-KITT/forecast-price-target/: HTTP Error 404: Not Found
2026-08-29T12:48:18.898518+09:00,W04_tv_ratings,AXTI,US,INFO,tv_ratings,TV_CACHE,mode=missing; status=skipped_recent_or_not_due; stale_days=56; 今回は再取得対象外。保存済みTradingView情報を使用。
2026-08-29T12:48:18.898524+09:00,W04_tv_ratings,COHR,US,INFO,tv_ratings,TV_CACHE,mode=missing; status=skipped_recent_or_not_due; stale_days=56; 今回は再取得対象外。保存済みTradingView情報を使用。
2026-08-29T12:48:18.898529+09:00,W04_tv_ratings,ANET,US,INFO,tv_ratings,TV_CACHE,mode=missing; status=skipped_recent_or_not_due; stale_days=56; 今回は再取得対象外。保存済みTradingView情報を使用。
2026-08-29T12:48:18.898535+09:00,W04_tv_ratings,DDOG,US,INFO,tv_ratings,TV_CACHE,mode=missing; status=skipped_recent_or_not_due; stale_days=56; 今回は再取得対象外。保存済みTradingView情報を使用。
2026-08-29T12:48:18.898541+09:00,W04_tv_ratings,SNOW,US,INFO,tv_ratings,TV_CACHE,mode=missing; status=skipped_recent_or_not_due; stale_days=56; 今回は再取得対象外。保存済みTradingView情報を使用。
2026-08-29T12:48:18.898546+09:00,W04_tv_ratings,OPTX,US,WARN,tv_ratings,TV_PARTIAL,mode=missing; status=kept_previous_tv_partial; stale_days=63; 今回未取得のため前回TV_PARTIALを保持。https://www.tradingview.com/symbols/NASDAQ-OPTX/forecast/: HTTP Error 404: Not Found / https://www.tradingview.com/symbols/NASDAQ-OPTX/forecast-price-target/: HTTP Error 404: Not Found
2026-08-29T12:48:18.898555+09:00,W04_tv_ratings,AEM,US,INFO,tv_ratings,TV_CACHE,mode=missing; status=skipped_recent_or_not_due; stale_days=56; 今回は再取得対象外。保存済みTradingView情報を使用。
2026-08-29T12:48:18.898560+09:00,W04_tv_ratings,ZETA,US,INFO,tv_ratings,TV_CACHE,mode=missing; status=skipped_recent_or_not_due; stale_days=56; 今回は再取得対象外。保存済みTradingView情報を使用。
2026-08-31T10:07:45.814846+09:00,D03_buy_alert,EWY,US,INFO,価格スケール確認待ち,buy_zone_master,basis status
2026-08-31T10:07:45.814872+09:00,D03_buy_alert,PL,US,INFO,価格スケール確認待ち,buy_zone_master,basis status
2026-08-31T10:07:45.814878+09:00,D03_buy_alert,MSTR,US,INFO,条件確認待ち,buy_zone_master,basis status
2026-08-31T10:07:45.814882+09:00,D03_buy_alert,AXTI,US,INFO,価格スケール確認待ち,buy_zone_master,basis status
2026-08-31T10:07:45.814886+09:00,D03_buy_alert,COHR,US,INFO,価格スケール確認待ち,buy_zone_master,basis status
2026-08-31T10:07:45.814890+09:00,D03_buy_alert,OPTX,US,INFO,価格スケール確認待ち,buy_zone_master,basis status
2026-09-01T10:42:02.985040+09:00,D03_buy_alert,EWY,US,INFO,価格スケール確認待ち,buy_zone_master,basis status
2026-09-01T10:42:02.985064+09:00,D03_buy_alert,PL,US,INFO,価格スケール確認待ち,buy_zone_master,basis status
2026-09-01T10:42:02.985070+09:00,D03_buy_alert,MSTR,US,INFO,条件確認待ち,buy_zone_master,basis status
2026-09-01T10:42:02.985075+09:00,D03_buy_alert,AXTI,US,INFO,価格スケール確認待ち,buy_zone_master,basis status
2026-09-01T10:42:02.985080+09:00,D03_buy_alert,COHR,US,INFO,価格スケール確認待ち,buy_zone_master,basis status
2026-09-01T10:42:02.985084+09:00,D03_buy_alert,OPTX,US,INFO,価格スケール確認待ち,buy_zone_master,basis status
2026-09-02T09:52:04.116616+09:00,D03_buy_alert,EWY,US,INFO,価格スケール確認待ち,buy_zone_master,basis status
2026-09-02T09:52:04.116634+09:00,D03_buy_alert,PL,US,INFO,価格スケール確認待ち,buy_zone_master,basis status
2026-09-02T09:52:04.116638+09:00,D03_buy_alert,MSTR,US,INFO,条件確認待ち,buy_zone_master,basis status
2026-09-02T09:52:04.116642+09:00,D03_buy_alert,AXTI,US,INFO,価格スケール確認待ち,buy_zone_master,basis status
2026-09-02T09:52:04.116645+09:00,D03_buy_alert,COHR,US,INFO,価格スケール確認待ち,buy_zone_master,basis status
2026-09-02T09:52:04.116649+09:00,D03_buy_alert,OPTX,US,INFO,価格スケール確認待ち,buy_zone_master,basis status
2026-09-03T09:58:49.662572+09:00,D03_buy_alert,EWY,US,INFO,価格スケール確認待ち,buy_zone_master,basis status
2026-09-03T09:58:49.662600+09:00,D03_buy_alert,PL,US,INFO,価格スケール確認待ち,buy_zone_master,basis status
2026-09-03T09:58:49.662611+09:00,D03_buy_alert,MSTR,US,INFO,条件確認待ち,buy_zone_master,basis status
2026-09-03T09:58:49.662618+09:00,D03_buy_alert,AXTI,US,INFO,価格スケール確認待ち,buy_zone_master,basis status
2026-09-03T09:58:49.662623+09:00,D03_buy_alert,COHR,US,INFO,価格スケール確認待ち,buy_zone_master,basis status
2026-09-03T09:58:49.662628+09:00,D03_buy_alert,OPTX,US,INFO,価格スケール確認待ち,buy_zone_master,basis status
2026-09-04T09:49:36.276953+09:00,D03_buy_alert,EWY,US,INFO,価格スケール確認待ち,buy_zone_master,basis status
2026-09-04T09:49:36.276993+09:00,D03_buy_alert,PL,US,INFO,価格スケール確認待ち,buy_zone_master,basis status
2026-09-04T09:49:36.276997+09:00,D03_buy_alert,MSTR,US,INFO,条件確認待ち,buy_zone_master,basis status
2026-09-04T09:49:36.277001+09:00,D03_buy_alert,AXTI,US,INFO,価格スケール確認待ち,buy_zone_master,basis status
2026-09-04T09:49:36.277004+09:00,D03_buy_alert,COHR,US,INFO,価格スケール確認待ち,buy_zone_master,basis status
2026-09-04T09:49:36.277007+09:00,D03_buy_alert,OPTX,US,INFO,価格スケール確認待ち,buy_zone_master,basis status
2026-09-05T09:18:09.080042+09:00,W04_tv_ratings,AVAV,US,INFO,tv_ratings,TV_FULL,mode=monthly; status=forecast_page_ok; stale_days=0; 
2026-09-05T09:18:09.080077+09:00,W04_tv_ratings,AXON,US,INFO,tv_ratings,TV_FULL,mode=monthly; status=forecast_page_ok; stale_days=0; 
2026-09-05T09:18:09.080090+09:00,W04_tv_ratings,AUR,US,INFO,tv_ratings,TV_FULL,mode=monthly; status=forecast_page_ok; stale_days=0; 
2026-09-05T09:18:09.080100+09:00,W04_tv_ratings,TMDX,US,INFO,tv_ratings,TV_FULL,mode=monthly; status=forecast_page_ok; stale_days=0; 
2026-09-05T09:18:09.080105+09:00,W04_tv_ratings,NOW,US,INFO,tv_ratings,TV_FULL,mode=monthly; status=forecast_page_ok; stale_days=0; 
2026-09-05T09:18:09.080110+09:00,W04_tv_ratings,RDW,US,INFO,tv_ratings,TV_FULL,mode=monthly; status=forecast_page_ok; stale_days=0; 
2026-09-05T09:18:09.080114+09:00,W04_tv_ratings,TRMB,US,INFO,tv_ratings,TV_FULL,mode=monthly; status=forecast_page_ok; stale_days=0; 
2026-09-05T09:18:09.080120+09:00,W04_tv_ratings,VEEV,US,INFO,tv_ratings,TV_FULL,mode=monthly; status=forecast_page_ok; stale_days=0; 
2026-09-05T09:18:09.080126+09:00,W04_tv_ratings,PYPL,US,INFO,tv_ratings,TV_FULL,mode=monthly; status=forecast_page_ok; stale_days=0; 
2026-09-05T09:18:09.080131+09:00,W04_tv_ratings,TEM,US,INFO,tv_ratings,TV_FULL,mode=monthly; status=forecast_page_ok; stale_days=0; 
2026-09-05T09:18:09.080135+09:00,W04_tv_ratings,FICO,US,INFO,tv_ratings,TV_FULL,mode=monthly; status=forecast_page_ok; stale_days=0; 
2026-09-05T09:18:09.080139+09:00,W04_tv_ratings,AAOI,US,INFO,tv_ratings,TV_FULL,mode=monthly; status=forecast_page_ok; stale_days=0; 
2026-09-05T09:18:09.080143+09:00,W04_tv_ratings,OUST,US,INFO,tv_ratings,TV_FULL,mode=monthly; status=forecast_page_ok; stale_days=0; 
2026-09-05T09:18:09.080147+09:00,W04_tv_ratings,APH,US,INFO,tv_ratings,TV_FULL,mode=monthly; status=forecast_page_ok; stale_days=0; 
2026-09-05T09:18:09.080150+09:00,W04_tv_ratings,ASPI,US,INFO,tv_ratings,TV_FULL,mode=monthly; status=forecast_page_ok; stale_days=0; 
2026-09-05T09:18:09.080154+09:00,W04_tv_ratings,NBIS,US,INFO,tv_ratings,TV_FULL,mode=monthly; status=forecast_page_ok; stale_days=0; 
2026-09-05T09:18:09.080158+09:00,W04_tv_ratings,ISRG,US,INFO,tv_ratings,TV_FULL,mode=monthly; status=forecast_page_ok; stale_days=0; 
2026-09-05T09:18:09.080162+09:00,W04_tv_ratings,SPGI,US,INFO,tv_ratings,TV_FULL,mode=monthly; status=forecast_page_ok; stale_days=0; 
2026-09-05T09:18:09.080167+09:00,W04_tv_ratings,MELI,US,INFO,tv_ratings,TV_FULL,mode=monthly; status=forecast_page_ok; stale_days=0; 
2026-09-05T09:18:09.080171+09:00,W04_tv_ratings,TMO,US,INFO,tv_ratings,TV_FULL,mode=monthly; status=forecast_page_ok; stale_days=0; 
2026-09-05T09:18:09.080175+09:00,W04_tv_ratings,META,US,INFO,tv_ratings,TV_FULL,mode=monthly; status=forecast_page_ok; stale_days=0; 
2026-09-05T09:18:09.080179+09:00,W04_tv_ratings,IONQ,US,INFO,tv_ratings,TV_FULL,mode=monthly; status=forecast_page_ok; stale_days=0; 
2026-09-05T09:18:09.080183+09:00,W04_tv_ratings,RGTI,US,INFO,tv_ratings,TV_FULL,mode=monthly; status=forecast_page_ok; stale_days=0; 
2026-09-05T09:18:09.080187+09:00,W04_tv_ratings,SDGR,US,INFO,tv_ratings,TV_FULL,mode=monthly; status=forecast_page_ok; stale_days=0; 
2026-09-05T09:18:09.080191+09:00,W04_tv_ratings,RXRX,US,INFO,tv_ratings,TV_CACHE,mode=monthly; status=kept_previous_tv_full; stale_days=35; 今回TV_FULL未取得のため前回TV_FULL値を保持。attempt_quality=TV_MISSING; https://www.tradingview.com/symbols/NASDAQ-RXRX/forecast/: HTTP Error 403: Forbidden / https://www.tradingview.com/symbols/NASDAQ-RXRX/forecast-price-target/: HTTP Error 403: Forbidden
2026-09-05T09:18:09.080201+09:00,W04_tv_ratings,QCOM,US,INFO,tv_ratings,TV_CACHE,mode=monthly; status=kept_previous_tv_full; stale_days=35; 今回TV_FULL未取得のため前回TV_FULL値を保持。attempt_quality=TV_MISSING; https://www.tradingview.com/symbols/NASDAQ-QCOM/forecast/: HTTP Error 403: Forbidden / https://www.tradingview.com/symbols/NASDAQ-QCOM/forecast-price-target/: HTTP Error 403: Forbidden
2026-09-05T09:18:09.080209+09:00,W04_tv_ratings,HSAI,US,INFO,tv_ratings,TV_CACHE,mode=monthly; status=kept_previous_tv_full; stale_days=35; 今回TV_FULL未取得のため前回TV_FULL値を保持。attempt_quality=TV_MISSING; https://www.tradingview.com/symbols/NASDAQ-HSAI/forecast/: HTTP Error 403: Forbidden / https://www.tradingview.com/symbols/NASDAQ-HSAI/forecast-price-target/: HTTP Error 403: Forbidden
2026-09-05T09:18:09.080217+09:00,W04_tv_ratings,PL,US,INFO,tv_ratings,TV_CACHE,mode=monthly; status=kept_previous_tv_full; stale_days=35; 今回TV_FULL未取得のため前回TV_FULL値を保持。attempt_quality=TV_MISSING; https://www.tradingview.com/symbols/NYSE-PL/forecast/: HTTP Error 403: Forbidden / https://www.tradingview.com/symbols/NYSE-PL/forecast-price-target/: HTTP Error 403: Forbidden
2026-09-05T09:18:09.080225+09:00,W04_tv_ratings,V,US,WARN,tv_ratings,TV_CACHE_OLD,mode=monthly; status=kept_previous_tv_full; stale_days=63; 今回TV_FULL未取得のため前回TV_FULL値を保持。attempt_quality=TV_MISSING; https://www.tradingview.com/symbols/NYSE-V/forecast/: HTTP Error 403: Forbidden / https://www.tradingview.com/symbols/NYSE-V/forecast-price-target/: HTTP Error 403: Forbidden
2026-09-05T09:18:09.080233+09:00,W04_tv_ratings,VRTX,US,WARN,tv_ratings,TV_CACHE_OLD,mode=monthly; status=kept_previous_tv_full; stale_days=63; 今回TV_FULL未取得のため前回TV_FULL値を保持。attempt_quality=TV_MISSING; https://www.tradingview.com/symbols/NASDAQ-VRTX/forecast/: HTTP Error 403: Forbidden / https://www.tradingview.com/symbols/NASDAQ-VRTX/forecast-price-target/: HTTP Error 403: Forbidden
2026-09-05T09:18:09.080241+09:00,W04_tv_ratings,DIS,US,WARN,tv_ratings,TV_CACHE_OLD,mode=monthly; status=kept_previous_tv_full; stale_days=63; 今回TV_FULL未取得のため前回TV_FULL値を保持。attempt_quality=TV_MISSING; https://www.tradingview.com/symbols/NYSE-DIS/forecast/: HTTP Error 403: Forbidden / https://www.tradingview.com/symbols/NYSE-DIS/forecast-price-target/: HTTP Error 403: Forbidden
2026-09-05T09:18:09.080249+09:00,W04_tv_ratings,KVYO,US,WARN,tv_ratings,TV_CACHE_OLD,mode=monthly; status=kept_previous_tv_full; stale_days=63; 今回TV_FULL未取得のため前回TV_FULL値を保持。attempt_quality=TV_MISSING; https://www.tradingview.com/symbols/NYSE-KVYO/forecast/: HTTP Error 403: Forbidden / https://www.tradingview.com/symbols/NYSE-KVYO/forecast-price-target/: HTTP Error 403: Forbidden
2026-09-05T09:18:09.080257+09:00,W04_tv_ratings,DKNG,US,WARN,tv_ratings,TV_CACHE_OLD,mode=monthly; status=kept_previous_tv_full; stale_days=63; 今回TV_FULL未取得のため前回TV_FULL値を保持。attempt_quality=TV_MISSING; https://www.tradingview.com/symbols/NASDAQ-DKNG/forecast/: HTTP Error 403: Forbidden / https://www.tradingview.com/symbols/NASDAQ-DKNG/forecast-price-target/: HTTP Error 403: Forbidden
2026-09-05T09:18:09.080265+09:00,W04_tv_ratings,CRSP,US,WARN,tv_ratings,TV_CACHE_OLD,mode=monthly; status=kept_previous_tv_full; stale_days=63; 今回TV_FULL未取得のため前回TV_FULL値を保持。attempt_quality=TV_MISSING; https://www.tradingview.com/symbols/NASDAQ-CRSP/forecast/: HTTP Error 403: Forbidden / https://www.tradingview.com/symbols/NASDAQ-CRSP/forecast-price-target/: HTTP Error 403: Forbidden
2026-09-05T09:18:09.080273+09:00,W04_tv_ratings,BEAM,US,WARN,tv_ratings,TV_CACHE_OLD,mode=monthly; status=kept_previous_tv_full; stale_days=63; 今回TV_FULL未取得のため前回TV_FULL値を保持。attempt_quality=TV_MISSING; https://www.tradingview.com/symbols/NASDAQ-BEAM/forecast/: HTTP Error 403: Forbidden / https://www.tradingview.com/symbols/NASDAQ-BEAM/forecast-price-target/: HTTP Error 403: Forbidden
2026-09-05T09:18:09.080281+09:00,W04_tv_ratings,ETN,US,WARN,tv_ratings,TV_CACHE_OLD,mode=monthly; status=kept_previous_tv_full; stale_days=63; 今回TV_FULL未取得のため前回TV_FULL値を保持。attempt_quality=TV_MISSING; https://www.tradingview.com/symbols/NYSE-ETN/forecast/: HTTP Error 403: Forbidden / https://www.tradingview.com/symbols/NYSE-ETN/forecast-price-target/: HTTP Error 403: Forbidden
2026-09-05T09:18:09.080289+09:00,W04_tv_ratings,MSTR,US,WARN,tv_ratings,TV_CACHE_OLD,mode=monthly; status=kept_previous_tv_full; stale_days=63; 今回TV_FULL未取得のため前回TV_FULL値を保持。attempt_quality=TV_MISSING; https://www.tradingview.com/symbols/NASDAQ-MSTR/forecast/: HTTP Error 403: Forbidden / https://www.tradingview.com/symbols/NASDAQ-MSTR/forecast-price-target/: HTTP Error 403: Forbidden
2026-09-05T09:18:09.080320+09:00,W04_tv_ratings,POET,US,WARN,tv_ratings,TV_CACHE_OLD,mode=monthly; status=kept_previous_tv_full; stale_days=63; 今回TV_FULL未取得のため前回TV_FULL値を保持。attempt_quality=TV_MISSING; https://www.tradingview.com/symbols/NASDAQ-POET/forecast/: HTTP Error 403: Forbidden / https://www.tradingview.com/symbols/NASDAQ-POET/forecast-price-target/: HTTP Error 403: Forbidden
2026-09-05T09:18:09.080330+09:00,W04_tv_ratings,KITT,US,WARN,tv_ratings,TV_PARTIAL,mode=monthly; status=kept_previous_tv_partial; stale_days=70; 今回未取得のため前回TV_PARTIALを保持。https://www.tradingview.com/symbols/NASDAQ-KITT/forecast/: HTTP Error 403: Forbidden / https://www.tradingview.com/symbols/NASDAQ-KITT/forecast-price-target/: HTTP Error 403: Forbidden
2026-09-05T09:18:09.080338+09:00,W04_tv_ratings,AXTI,US,WARN,tv_ratings,TV_CACHE_OLD,mode=monthly; status=kept_previous_tv_full; stale_days=63; 今回TV_FULL未取得のため前回TV_FULL値を保持。attempt_quality=TV_MISSING; https://www.tradingview.com/symbols/NASDAQ-AXTI/forecast/: HTTP Error 403: Forbidden / https://www.tradingview.com/symbols/NASDAQ-AXTI/forecast-price-target/: HTTP Error 403: Forbidden
2026-09-05T09:18:09.080346+09:00,W04_tv_ratings,COHR,US,WARN,tv_ratings,TV_CACHE_OLD,mode=monthly; status=kept_previous_tv_full; stale_days=63; 今回TV_FULL未取得のため前回TV_FULL値を保持。attempt_quality=TV_MISSING; https://www.tradingview.com/symbols/NYSE-COHR/forecast/: HTTP Error 403: Forbidden / https://www.tradingview.com/symbols/NYSE-COHR/forecast-price-target/: HTTP Error 403: Forbidden
2026-09-05T09:18:09.080353+09:00,W04_tv_ratings,ANET,US,WARN,tv_ratings,TV_CACHE_OLD,mode=monthly; status=kept_previous_tv_full; stale_days=63; 今回TV_FULL未取得のため前回TV_FULL値を保持。attempt_quality=TV_MISSING; https://www.tradingview.com/symbols/NYSE-ANET/forecast/: HTTP Error 403: Forbidden / https://www.tradingview.com/symbols/NYSE-ANET/forecast-price-target/: HTTP Error 403: Forbidden
2026-09-05T09:18:09.080362+09:00,W04_tv_ratings,DDOG,US,WARN,tv_ratings,TV_CACHE_OLD,mode=monthly; status=kept_previous_tv_full; stale_days=63; 今回TV_FULL未取得のため前回TV_FULL値を保持。attempt_quality=TV_MISSING; https://www.tradingview.com/symbols/NASDAQ-DDOG/forecast/: HTTP Error 403: Forbidden / https://www.tradingview.com/symbols/NASDAQ-DDOG/forecast-price-target/: HTTP Error 403: Forbidden
2026-09-05T09:18:09.080369+09:00,W04_tv_ratings,SNOW,US,WARN,tv_ratings,TV_CACHE_OLD,mode=monthly; status=kept_previous_tv_full; stale_days=63; 今回TV_FULL未取得のため前回TV_FULL値を保持。attempt_quality=TV_MISSING; https://www.tradingview.com/symbols/NYSE-SNOW/forecast/: HTTP Error 403: Forbidden / https://www.tradingview.com/symbols/NYSE-SNOW/forecast-price-target/: HTTP Error 403: Forbidden
2026-09-05T09:18:09.080377+09:00,W04_tv_ratings,OPTX,US,WARN,tv_ratings,TV_PARTIAL,mode=monthly; status=kept_previous_tv_partial; stale_days=70; 今回未取得のため前回TV_PARTIALを保持。https://www.tradingview.com/symbols/NASDAQ-OPTX/forecast/: HTTP Error 403: Forbidden / https://www.tradingview.com/symbols/NASDAQ-OPTX/forecast-price-target/: HTTP Error 403: Forbidden
2026-09-05T09:18:09.080385+09:00,W04_tv_ratings,AEM,US,WARN,tv_ratings,TV_CACHE_OLD,mode=monthly; status=kept_previous_tv_full; stale_days=63; 今回TV_FULL未取得のため前回TV_FULL値を保持。attempt_quality=TV_MISSING; https://www.tradingview.com/symbols/NYSE-AEM/forecast/: HTTP Error 403: Forbidden / https://www.tradingview.com/symbols/NYSE-AEM/forecast-price-target/: HTTP Error 403: Forbidden
2026-09-05T09:18:09.080393+09:00,W04_tv_ratings,ZETA,US,WARN,tv_ratings,TV_CACHE_OLD,mode=monthly; status=kept_previous_tv_full; stale_days=63; 今回TV_FULL未取得のため前回TV_FULL値を保持。attempt_quality=TV_MISSING; https://www.tradingview.com/symbols/NYSE-ZETA/forecast/: HTTP Error 403: Forbidden / https://www.tradingview.com/symbols/NYSE-ZETA/forecast-price-target/: HTTP Error 403: Forbidden
